INSERT INTO m2.block_state (id, attribute) VALUES ('Created', NULL);
INSERT INTO m2.block_state (id, attribute) VALUES ('Running', NULL);
INSERT INTO m2.block_state (id, attribute) VALUES ('Success', NULL);
INSERT INTO m2.block_state (id, attribute) VALUES ('Failure', NULL);
INSERT INTO m2.block_state (id, attribute) VALUES ('Draft', NULL);
INSERT INTO m2.bells (id, name, description, context, inputs, outputs, state, is_definition, created_at, updated_at, started_at, root_block_id, acts_as_main_bell, main_bell_id, ended_at) VALUES ('s4Uq5-3xUX5bljHUIJMLW', 'Facilities Purchase Request', 'Get purchase request, have dept. leads approve, and have Finance approve.', '{"artifacts": [{"url": "https://samantha-assets.s3.amazonaws.com/artifacts/HVAC+Permit.pdf", "title": "Submission of city for HVAC approval", "filename": "HVAC Permit.pdf"}, {"url": "https://www.standardheating.com/wp-cms/wp-content/uploads/2015/09/HVACdiagram2-1024x634.png", "title": "HVAC system", "filename": "HVAC system diagram.png"}]}', '{}', '{}', 'Running', true, '2020-07-30 07:37:49.40117+00', '2020-07-30 07:37:49.40117+00', '2020-08-04 05:36:50.33183+00', '11OPQ53T10ju7GYERgBOP', true, NULL, '2020-08-05 00:08:25.929326+00');
INSERT INTO m2.bells (id, name, description, context, inputs, outputs, state, is_definition, created_at, updated_at, started_at, root_block_id, acts_as_main_bell, main_bell_id, ended_at) VALUES ('Mz1t1IwyheFE5oVYwkJPW', 'Large Spend Approval Request', 'Large Spend Approval Request description', '{}', '{}', '{}', 'Created', true, '2020-07-31 17:37:10.704903+00', '2020-07-31 17:37:10.704903+00', NULL, 'QwnivOlovwLzVHcCN1wZF', false, 's4Uq5-3xUX5bljHUIJMLW', NULL);
INSERT INTO m2.bells (id, name, description, context, inputs, outputs, state, is_definition, created_at, updated_at, started_at, root_block_id, acts_as_main_bell, main_bell_id, ended_at) VALUES ('ZO9oteJL_Xoi-97C2rz41', '(demo def) Facilities Purchase Request', 'Get purchase request, have dept. leads approve, and have Finance approve.', '{}', '{}', '{}', 'Running', true, '2020-08-14 01:38:24.835536+00', '2020-08-14 01:38:24.835536+00', '2020-08-14 02:00:16.179544+00', 'sGnla9TNTZL8GzE0crXrC', true, NULL, NULL);
INSERT INTO m2.bells (id, name, description, context, inputs, outputs, state, is_definition, created_at, updated_at, started_at, root_block_id, acts_as_main_bell, main_bell_id, ended_at) VALUES ('OkJQM-s-wCrTjCGbA0GJi', '(demo def) Large Spend Approval Request ', 'Large Spend Approval Request description', '{}', '{}', '{}', 'Running', true, '2020-08-14 01:38:25.296164+00', '2020-08-14 01:38:25.296164+00', '2020-08-14 02:49:15.668918+00', 'naHj1Ss8X7HgDu5iZUxZI', false, 'ZO9oteJL_Xoi-97C2rz41', NULL);
INSERT INTO m2.bells (id, name, description, context, inputs, outputs, state, is_definition, created_at, updated_at, started_at, root_block_id, acts_as_main_bell, main_bell_id, ended_at) VALUES ('7OMupCxKZRNaBatCjKRb_', 'M2.0 bug tracking', NULL, '{}', '{}', '{}', 'Created', true, '2020-08-14 01:37:58.715796+00', '2020-08-14 01:37:58.715796+00', NULL, NULL, true, NULL, NULL);
INSERT INTO m2.bells (id, name, description, context, inputs, outputs, state, is_definition, created_at, updated_at, started_at, root_block_id, acts_as_main_bell, main_bell_id, ended_at) VALUES ('FTzNAuJWthWGfQbWwV_k3', 'google drive update', 'google drive update event triggers clone of this bell and start', '{}', '{}', '{}', 'Created', true, '2020-09-16 00:37:07.233448+00', '2020-09-16 00:37:07.233448+00', NULL, NULL, true, 'FTzNAuJWthWGfQbWwV_k3', NULL);
INSERT INTO m2.bells (id, name, description, context, inputs, outputs, state, is_definition, created_at, updated_at, started_at, root_block_id, acts_as_main_bell, main_bell_id, ended_at) VALUES ('vEEtd2z7ItOYmdSDrcbB_', 'Asana ticket for M2.0', NULL, '{}', '{}', '{}', 'Created', true, '2020-09-17 02:51:43.233956+00', '2020-09-17 02:51:43.233956+00', NULL, NULL, true, NULL, NULL);
INSERT INTO m2.bells (id, name, description, context, inputs, outputs, state, is_definition, created_at, updated_at, started_at, root_block_id, acts_as_main_bell, main_bell_id, ended_at) VALUES ('IzKT-7zr7IxUoubTbN6FX', 'google drive update', 'google drive update event triggers clone of this bell and start', '{}', '{}', '{}', 'Running', false, '2020-09-18 19:09:40.024549+00', '2020-09-18 19:09:40.024549+00', NULL, NULL, true, 'FTzNAuJWthWGfQbWwV_k3', NULL);
INSERT INTO m2.bells (id, name, description, context, inputs, outputs, state, is_definition, created_at, updated_at, started_at, root_block_id, acts_as_main_bell, main_bell_id, ended_at) VALUES ('rlSFbGxJPLOrswnx61hXV', 'Asana ticket for M2.0', NULL, '{}', '{}', '{}', 'Running', false, '2020-09-18 19:49:03.683013+00', '2020-09-18 19:49:03.683013+00', NULL, NULL, true, NULL, NULL);
INSERT INTO m2.bells (id, name, description, context, inputs, outputs, state, is_definition, created_at, updated_at, started_at, root_block_id, acts_as_main_bell, main_bell_id, ended_at) VALUES ('gjTYKfOnPtyvASRffx3-M', 'Asana ticket for M2.0', NULL, '{}', '{}', '{}', 'Running', false, '2020-09-18 19:49:03.7282+00', '2020-09-18 19:49:03.7282+00', NULL, NULL, true, NULL, NULL);
INSERT INTO m2.bells (id, name, description, context, inputs, outputs, state, is_definition, created_at, updated_at, started_at, root_block_id, acts_as_main_bell, main_bell_id, ended_at) VALUES ('ii9YRnCRlvJiFRLn8JeTX', 'google drive update', 'google drive update event triggers clone of this bell and start', '{}', '{}', '{}', 'Running', false, '2020-09-18 19:49:04.787905+00', '2020-09-18 19:49:04.787905+00', NULL, NULL, true, NULL, NULL);
INSERT INTO m2.bells (id, name, description, context, inputs, outputs, state, is_definition, created_at, updated_at, started_at, root_block_id, acts_as_main_bell, main_bell_id, ended_at) VALUES ('QVuG4JUxI1LI0tbwZv-sP', '(demo def) Large Spend Approval Request ', 'Large Spend Approval Request description', '{}', '{}', '{}', 'Running', false, '2020-09-18 19:49:05.856667+00', '2020-09-18 19:49:05.856667+00', NULL, '5E5w9VNPVrQbmMxrbkkiV', false, NULL, NULL);
INSERT INTO m2.bells (id, name, description, context, inputs, outputs, state, is_definition, created_at, updated_at, started_at, root_block_id, acts_as_main_bell, main_bell_id, ended_at) VALUES ('RN4naxYrg1YQVjweweAsj', '(demo def) Facilities Purchase Request', 'Get purchase request, have dept. leads approve, and have Finance approve.', '{}', '{}', '{}', 'Running', false, '2020-09-18 19:49:05.856753+00', '2020-09-18 19:49:05.856753+00', NULL, 'ew5k-GgX9zIz7rQZSK3SJ', true, NULL, NULL);
INSERT INTO m2.bells (id, name, description, context, inputs, outputs, state, is_definition, created_at, updated_at, started_at, root_block_id, acts_as_main_bell, main_bell_id, ended_at) VALUES ('B2d9VH5oNt3wsaOH70PL7', '(demo def) Large Spend Approval Request ', 'Large Spend Approval Request description', '{}', '{}', '{}', 'Created', false, '2020-09-18 19:49:06.497569+00', '2020-09-18 19:49:06.497569+00', NULL, 'MWQUlGIifz9J31MGBDmzP', false, 'RN4naxYrg1YQVjweweAsj', NULL);
INSERT INTO m2.bells (id, name, description, context, inputs, outputs, state, is_definition, created_at, updated_at, started_at, root_block_id, acts_as_main_bell, main_bell_id, ended_at) VALUES ('KpGIUCH4c6siUjOXx3-T8', '(demo def) Facilities Purchase Request', 'Get purchase request, have dept. leads approve, and have Finance approve.', '{}', '{}', '{}', 'Running', false, '2020-09-18 19:55:01.567421+00', '2020-09-18 19:55:01.567421+00', NULL, 'hPsVoDyR35qGr5IMjhP_W', true, NULL, NULL);
INSERT INTO m2.bells (id, name, description, context, inputs, outputs, state, is_definition, created_at, updated_at, started_at, root_block_id, acts_as_main_bell, main_bell_id, ended_at) VALUES ('ia147fN2To-mH9FS1MoAG', '(demo def) Large Spend Approval Request ', 'Large Spend Approval Request description', '{}', '{}', '{}', 'Created', false, '2020-09-18 19:55:02.028883+00', '2020-09-18 19:55:02.028883+00', NULL, 'FVfjhgVwRP_s7eyfhR48A', false, 'KpGIUCH4c6siUjOXx3-T8', NULL);
INSERT INTO m2.api_integration (id, app_id, app_secret) VALUES ('FTzNAuJWthWGfQbWwV_k3', 'FTzNAuJWthWGfQbWwV_k3', 'f17tUIcN9otAqdvaxpz3i');
INSERT INTO m2.api_integration (id, app_id, app_secret) VALUES ('vEEtd2z7ItOYmdSDrcbB_', 'vEEtd2z7ItOYmdSDrcbB_', 'Wx0q0leQlUeAbvWmwGcQE');
INSERT INTO m2.block_type (id, category) VALUES ('APIExecutor', 'Executor');
INSERT INTO m2.block_type (id, category) VALUES ('BellExecutor', 'Executor');
INSERT INTO m2.block_type (id, category) VALUES ('Task', 'Task');
INSERT INTO m2.block_type (id, category) VALUES ('Goal', 'Goal');
INSERT INTO m2.block_type (id, category) VALUES ('Notification', 'Executor');
INSERT INTO m2.blocks (id, local_id, bell_id, state, type, is_definition, configs, parent_id, sibling_order, name, created_at, updated_at, started_at, ended_at) VALUES ('QwnivOlovwLzVHcCN1wZF', 'VIwcpLa_dfw0jBLlU6rK0', 'Mz1t1IwyheFE5oVYwkJPW', 'Created', 'Goal', false, '{"control_type": "Sequential"}', NULL, NULL, 'Goal (Finance Team Spend Approval)', '2020-07-31 17:42:28.149388+00', '2020-07-31 17:42:28.149388+00', NULL, NULL);
INSERT INTO m2.blocks (id, local_id, bell_id, state, type, is_definition, configs, parent_id, sibling_order, name, created_at, updated_at, started_at, ended_at) VALUES ('w7WjLJgmw-8IcoJPwymUV', 'sTOp8e44a9NdJweWr828_', 's4Uq5-3xUX5bljHUIJMLW', 'Created', 'APIExecutor', false, '{"API": {"input": {"bellhop_id": "$(Context.Global.Bellhop_Initiator.ID)"}}}', 'bVeXuHvMlUVpbM2e4zMy9', 1, 'API (Lookup Cost Center by Initiator''s Bellhop ID)', '2020-07-30 08:17:15.205561+00', '2020-07-30 08:17:15.205561+00', NULL, NULL);
INSERT INTO m2.blocks (id, local_id, bell_id, state, type, is_definition, configs, parent_id, sibling_order, name, created_at, updated_at, started_at, ended_at) VALUES ('05rDLPiegRuF7-f72D-PK', 'Fw2rwZaa27CIyilQKNqge', 's4Uq5-3xUX5bljHUIJMLW', 'Success', 'Task', false, '{}', 'bVeXuHvMlUVpbM2e4zMy9', 2, 'Task (What categories describe this purchase?)', '2020-07-30 08:17:57.465675+00', '2020-07-30 08:17:57.465675+00', NULL, NULL);
INSERT INTO m2.blocks (id, local_id, bell_id, state, type, is_definition, configs, parent_id, sibling_order, name, created_at, updated_at, started_at, ended_at) VALUES ('G-M8ECueR0697Gx8buehJ', 'vuJeHylhqX0YbTVtgDsZ7', 's4Uq5-3xUX5bljHUIJMLW', 'Success', 'Task', false, '{}', 'bVeXuHvMlUVpbM2e4zMy9', 3, 'Task (How much do you need to budget?)', '2020-07-30 08:19:26.854575+00', '2020-07-30 08:19:26.854575+00', NULL, NULL);
INSERT INTO m2.blocks (id, local_id, bell_id, state, type, is_definition, configs, parent_id, sibling_order, name, created_at, updated_at, started_at, ended_at) VALUES ('11OPQ53T10ju7GYERgBOP', 'H2_a_Rk3ay03OozK5aeyK', 's4Uq5-3xUX5bljHUIJMLW', 'Created', 'Goal', false, '{"control_type": "Sequential"}', NULL, NULL, 'Main Goal (Facilities Spend Request)', '2020-07-30 07:39:47.197711+00', '2020-07-30 07:39:47.197711+00', NULL, NULL);
INSERT INTO m2.blocks (id, local_id, bell_id, state, type, is_definition, configs, parent_id, sibling_order, name, created_at, updated_at, started_at, ended_at) VALUES ('emfJCl6E2Dc32GXQtf4FO', 'Qa9j-wSS3YZFMPcKiy7rM', 'Mz1t1IwyheFE5oVYwkJPW', 'Created', 'Task', false, '{}', 'QwnivOlovwLzVHcCN1wZF', 1, 'Task (Dir. of FP&A Approval)', '2020-07-31 17:46:39.466706+00', '2020-07-31 17:46:39.466706+00', NULL, NULL);
INSERT INTO m2.blocks (id, local_id, bell_id, state, type, is_definition, configs, parent_id, sibling_order, name, created_at, updated_at, started_at, ended_at) VALUES ('QWhbnWC7Esg2UwIVIbbfG', '8o_yyJjEDKmhsRA1gIlv7', 's4Uq5-3xUX5bljHUIJMLW', 'Success', 'Task', false, '{}', '0vNN_nHW0jc87jo-s8XPd', NULL, 'Task (Head of Facilities Approval)', '2020-07-30 08:47:52.045784+00', '2020-07-30 08:47:52.045784+00', NULL, NULL);
INSERT INTO m2.blocks (id, local_id, bell_id, state, type, is_definition, configs, parent_id, sibling_order, name, created_at, updated_at, started_at, ended_at) VALUES ('f9-D98KF8ZHvNn5GIhBGw', '2tAIiTBtJXmVC2xF_Wcr4', 's4Uq5-3xUX5bljHUIJMLW', 'Created', 'APIExecutor', false, '{}', '790hOnMXtRMBWhiZetAIK', NULL, 'API (Update Netsuite/SAP)', '2020-07-30 08:52:04.838542+00', '2020-07-30 08:52:04.838542+00', NULL, NULL);
INSERT INTO m2.blocks (id, local_id, bell_id, state, type, is_definition, configs, parent_id, sibling_order, name, created_at, updated_at, started_at, ended_at) VALUES ('tuqfR-7bTIsyHXgiq8XSP', 'qzUHD8X2uc6Qomg2Oh7iM', 's4Uq5-3xUX5bljHUIJMLW', 'Created', 'BellExecutor', false, '{}', '0vNN_nHW0jc87jo-s8XPd', NULL, 'Sub Bell (Finance Approval) (bell_id incomplete)', '2020-07-30 08:49:50.491672+00', '2020-07-30 08:49:50.491672+00', NULL, NULL);
INSERT INTO m2.blocks (id, local_id, bell_id, state, type, is_definition, configs, parent_id, sibling_order, name, created_at, updated_at, started_at, ended_at) VALUES ('QwpfcdLPH_iQqzbz7nFg-', 'ZKinThbIS7TwdHA49RpZp', 's4Uq5-3xUX5bljHUIJMLW', 'Running', 'Task', false, '{}', 'bVeXuHvMlUVpbM2e4zMy9', 4, 'Optional Task (Is it capitalizable?)', '2020-07-30 08:20:08.788528+00', '2020-07-30 08:20:08.788528+00', NULL, '2020-07-31 08:20:08.788528+00');
INSERT INTO m2.blocks (id, local_id, bell_id, state, type, is_definition, configs, parent_id, sibling_order, name, created_at, updated_at, started_at, ended_at) VALUES ('790hOnMXtRMBWhiZetAIK', '38CVmndMM-H1xXEIkWvrH', 's4Uq5-3xUX5bljHUIJMLW', 'Success', 'Goal', false, '{}', '11OPQ53T10ju7GYERgBOP', 2, 'Goal (Execute Purchase)', '2020-07-30 08:51:25.1418+00', '2020-07-30 08:51:25.1418+00', NULL, '2020-07-30 09:51:25.1418+00');
INSERT INTO m2.blocks (id, local_id, bell_id, state, type, is_definition, configs, parent_id, sibling_order, name, created_at, updated_at, started_at, ended_at) VALUES ('ZmafozjAljqxYe5jn4voG', 'OfuLt7QWe8HTV5ArYLjza', 's4Uq5-3xUX5bljHUIJMLW', 'Success', 'Notification', false, '{"recipients": [], "display_text": "<<TEMPLATED TEXT THAT CAN REFER TO VARIABLES>>", "context_display": true}', 'bVeXuHvMlUVpbM2e4zMy9', 6, 'UI Notification (Summarize Purchase Information)', '2020-07-30 08:37:42.861179+00', '2020-07-30 08:37:42.861179+00', NULL, '2020-08-05 20:20:29.928067+00');
INSERT INTO m2.blocks (id, local_id, bell_id, state, type, is_definition, configs, parent_id, sibling_order, name, created_at, updated_at, started_at, ended_at) VALUES ('dsobfMA_-Bm_hfa4OJ7kC', 'NnYT4CUJgPEZexz0Io4JL', 'Mz1t1IwyheFE5oVYwkJPW', 'Success', 'Notification', false, '{"recipients": "everyone", "display_text": "<<TEMPLATED TEXT THAT CAN REFER TO VARIABLES>>", "context_display": true}', 'QwnivOlovwLzVHcCN1wZF', 0, 'UI Notification (Summarize Spend Information)', '2020-07-31 17:44:29.45459+00', '2020-07-31 17:44:29.45459+00', NULL, NULL);
INSERT INTO m2.blocks (id, local_id, bell_id, state, type, is_definition, configs, parent_id, sibling_order, name, created_at, updated_at, started_at, ended_at) VALUES ('0vNN_nHW0jc87jo-s8XPd', '7Q1HhUA6rtEsZQVLIsSCk', 's4Uq5-3xUX5bljHUIJMLW', 'Created', 'Goal', false, '{"control_type": "Parallel", "pre_conditions": {"0": null, "all": [{"fact": "context", "path": "$.task.vuJeHylhqX0YbTVtgDsZ7.fields[0].response", "value": 10000, "operator": "greaterThan"}]}}', '11OPQ53T10ju7GYERgBOP', 1, 'Conditional Goal (Get All Approvals)', '2020-07-30 08:41:13.975206+00', '2020-07-30 08:41:13.975206+00', NULL, NULL);
INSERT INTO m2.blocks (id, local_id, bell_id, state, type, is_definition, configs, parent_id, sibling_order, name, created_at, updated_at, started_at, ended_at) VALUES ('WWazDMHYOxCXCgTyND2js', 'zFi6jh6a-pkIEXi1_8-md', 's4Uq5-3xUX5bljHUIJMLW', 'Created', 'Task', false, '{"pre_conditions": {"0": null, "all": [{"fact": "context", "path": "$.task.ZKinThbIS7TwdHA49RpZp.fields[0].response", "value": "Yes", "operator": "equal"}]}}', 'bVeXuHvMlUVpbM2e4zMy9', 5, 'Conditional Task: (What is the depreciation period?)', '2020-07-30 08:29:20.515691+00', '2020-07-30 08:29:20.515691+00', NULL, '2020-08-01 08:29:20.515691+00');
INSERT INTO m2.blocks (id, local_id, bell_id, state, type, is_definition, configs, parent_id, sibling_order, name, created_at, updated_at, started_at, ended_at) VALUES ('bVeXuHvMlUVpbM2e4zMy9', 'rJnhPkEpzbL_KnF6uBBD1', 's4Uq5-3xUX5bljHUIJMLW', 'Running', 'Goal', false, '{"control_type": "Sequential"}', '11OPQ53T10ju7GYERgBOP', 0, 'Goal (Get Purchasing Information)', '2020-07-30 07:41:03.980018+00', '2020-07-30 07:41:03.980018+00', '2020-08-02 18:51:23.776224+00', '2020-08-03 04:23:53.760417+00');
INSERT INTO m2.blocks (id, local_id, bell_id, state, type, is_definition, configs, parent_id, sibling_order, name, created_at, updated_at, started_at, ended_at) VALUES ('gYNgpxQV30mqqX_ZkeC_P', 'rJnhPkEpzbL_KnF6uBBD1', 'ZO9oteJL_Xoi-97C2rz41', 'Running', 'Goal', false, '{"control_type": "Sequential"}', 'sGnla9TNTZL8GzE0crXrC', 0, '1. Goal (Get Purchasing Information)', '2020-08-14 01:38:24.977074+00', '2020-08-14 02:48:27.657+00', '2020-08-14 02:13:05.196051+00', '2020-08-14 02:48:27.662291+00');
INSERT INTO m2.blocks (id, local_id, bell_id, state, type, is_definition, configs, parent_id, sibling_order, name, created_at, updated_at, started_at, ended_at) VALUES ('Ls_12oQFy5tJh-_0zu46T', 'ZKinThbIS7TwdHA49RpZp', 'ZO9oteJL_Xoi-97C2rz41', 'Success', 'Task', false, '{}', 'gYNgpxQV30mqqX_ZkeC_P', 4, '1.4. Optional Task (Is it capitalizable?)', '2020-08-14 01:38:25.07962+00', '2020-08-14 03:53:39.812+00', '2020-08-14 03:53:39.818471+00', '2020-08-14 03:53:44.840354+00');
INSERT INTO m2.blocks (id, local_id, bell_id, state, type, is_definition, configs, parent_id, sibling_order, name, created_at, updated_at, started_at, ended_at) VALUES ('a8-3faq7joeAaLbEp2Dn9', 'vuJeHylhqX0YbTVtgDsZ7', 'ZO9oteJL_Xoi-97C2rz41', 'Success', 'Task', false, '{}', 'gYNgpxQV30mqqX_ZkeC_P', 3, '1.3. Task (How much do you need to budget?)', '2020-08-14 01:38:25.056749+00', '2020-08-14 03:53:20.751+00', '2020-08-14 03:53:20.760232+00', '2020-08-14 03:53:39.551037+00');
INSERT INTO m2.blocks (id, local_id, bell_id, state, type, is_definition, configs, parent_id, sibling_order, name, created_at, updated_at, started_at, ended_at) VALUES ('sGnla9TNTZL8GzE0crXrC', 'H2_a_Rk3ay03OozK5aeyK', 'ZO9oteJL_Xoi-97C2rz41', 'Created', 'Goal', false, '{"control_type": "Sequential"}', NULL, NULL, '0. Main Goal (Facilities Spend Request)', '2020-08-14 01:38:24.886838+00', '2020-08-14 01:38:24.886838+00', NULL, NULL);
INSERT INTO m2.blocks (id, local_id, bell_id, state, type, is_definition, configs, parent_id, sibling_order, name, created_at, updated_at, started_at, ended_at) VALUES ('FClaHQb39vKG4bezVpQ8w', 'Fw2rwZaa27CIyilQKNqge', 'ZO9oteJL_Xoi-97C2rz41', 'Success', 'Task', false, '{}', 'gYNgpxQV30mqqX_ZkeC_P', 2, '1.2. Task (What categories describe this purchase?)', '2020-08-14 01:38:25.030498+00', '2020-08-14 03:49:34.035+00', '2020-08-14 03:49:34.04452+00', '2020-08-14 03:53:20.355288+00');
INSERT INTO m2.blocks (id, local_id, bell_id, state, type, is_definition, configs, parent_id, sibling_order, name, created_at, updated_at, started_at, ended_at) VALUES ('IrI92WHVMdN1xCB9IxPQI', '38CVmndMM-H1xXEIkWvrH', 'ZO9oteJL_Xoi-97C2rz41', 'Created', 'Goal', false, '{}', 'sGnla9TNTZL8GzE0crXrC', 2, '3. Goal (Execute Purchase)', '2020-08-14 01:38:24.918275+00', '2020-08-14 01:38:24.918275+00', NULL, NULL);
INSERT INTO m2.blocks (id, local_id, bell_id, state, type, is_definition, configs, parent_id, sibling_order, name, created_at, updated_at, started_at, ended_at) VALUES ('T6gKggSMxB5jFUMQUq_pe', 'cO64qn3wioY6O7h_LOi-L', 'ZO9oteJL_Xoi-97C2rz41', 'Success', 'Task', false, '{}', 'gYNgpxQV30mqqX_ZkeC_P', 1, '1.1. Task (What are you purchasing?) ', '2020-08-14 01:38:25.110318+00', '2020-08-14 03:10:03.746+00', '2020-08-14 02:00:49.111615+00', '2020-08-14 03:49:33.626057+00');
INSERT INTO m2.blocks (id, local_id, bell_id, state, type, is_definition, configs, parent_id, sibling_order, name, created_at, updated_at, started_at, ended_at) VALUES ('4xSL4lJUd6ZR9wZqtv7Wm', 'OfuLt7QWe8HTV5ArYLjza', 'ZO9oteJL_Xoi-97C2rz41', 'Running', 'Notification', false, '{"recipients": [], "display_text": "<<TEMPLATED TEXT THAT CAN REFER TO VARIABLES>>", "context_display": true}', 'gYNgpxQV30mqqX_ZkeC_P', 6, '1.6. UI Notification (Summarize Purchase Information)', '2020-08-14 01:38:25.145523+00', '2020-08-14 03:53:49.881+00', '2020-08-14 02:36:38.466651+00', '2020-08-14 02:48:26.871458+00');
INSERT INTO m2.blocks (id, local_id, bell_id, state, type, is_definition, configs, parent_id, sibling_order, name, created_at, updated_at, started_at, ended_at) VALUES ('HttfA2gqDC5Uek_WD-rpn', 'cO64qn3wioY6O7h_LOi-L', 's4Uq5-3xUX5bljHUIJMLW', 'Success', 'Task', false, '{}', 'bVeXuHvMlUVpbM2e4zMy9', 0, 'Task (What are you purchasing?)', '2020-07-30 07:42:49.683987+00', '2020-07-30 07:42:49.683987+00', '2020-07-30 07:42:49.683987+00', '2020-08-04 07:56:09.051986+00');
INSERT INTO m2.blocks (id, local_id, bell_id, state, type, is_definition, configs, parent_id, sibling_order, name, created_at, updated_at, started_at, ended_at) VALUES ('7xppwkhtXQgb08UPR0ewj', 'ZKinThbIS7TwdHA49RpZp', 'RN4naxYrg1YQVjweweAsj', 'Created', 'Task', false, '{}', '7LIu25bvq4aLH5Ldzl9P5', 4, '1.4. Optional Task (Is it capitalizable?)', '2020-09-18 19:49:06.069942+00', '2020-09-18 19:49:06.069942+00', NULL, NULL);
INSERT INTO m2.blocks (id, local_id, bell_id, state, type, is_definition, configs, parent_id, sibling_order, name, created_at, updated_at, started_at, ended_at) VALUES ('yNqfj3sp2TZLkqOxe2LNj', 'zFi6jh6a-pkIEXi1_8-md', 'ZO9oteJL_Xoi-97C2rz41', 'Success', 'Task', false, '{"pre_conditions": {"all": [{"fact": "context", "path": "$.task.ZKinThbIS7TwdHA49RpZp.fields[0].response", "value": "Yes", "operator": "equal"}]}}', 'gYNgpxQV30mqqX_ZkeC_P', 5, '1.5. Conditional Task: (What is the depreciation period?)', '2020-08-14 01:38:25.159792+00', '2020-08-14 03:53:45.848+00', '2020-08-14 03:53:45.852963+00', '2020-08-14 03:53:49.334525+00');
INSERT INTO m2.blocks (id, local_id, bell_id, state, type, is_definition, configs, parent_id, sibling_order, name, created_at, updated_at, started_at, ended_at) VALUES ('5E5w9VNPVrQbmMxrbkkiV', 'VIwcpLa_dfw0jBLlU6rK0', 'QVuG4JUxI1LI0tbwZv-sP', 'Running', 'Goal', false, '{"control_type": "Sequential"}', NULL, NULL, 'Goal (Finance Team Spend Approval)', '2020-09-18 19:49:05.967619+00', '2020-09-18 19:49:06.089+00', '2020-09-18 19:49:06.116393+00', NULL);
INSERT INTO m2.blocks (id, local_id, bell_id, state, type, is_definition, configs, parent_id, sibling_order, name, created_at, updated_at, started_at, ended_at) VALUES ('NPu65oh4rsuiH999EZYss', 'vuJeHylhqX0YbTVtgDsZ7', 'RN4naxYrg1YQVjweweAsj', 'Created', 'Task', false, '{}', '7LIu25bvq4aLH5Ldzl9P5', 3, '1.3. Task (How much do you need to budget?)', '2020-09-18 19:49:06.167033+00', '2020-09-18 19:49:06.167033+00', NULL, NULL);
INSERT INTO m2.blocks (id, local_id, bell_id, state, type, is_definition, configs, parent_id, sibling_order, name, created_at, updated_at, started_at, ended_at) VALUES ('YPYWQhKuS6by5sfX7R2JS', 'Fw2rwZaa27CIyilQKNqge', 'RN4naxYrg1YQVjweweAsj', 'Created', 'Task', false, '{}', '7LIu25bvq4aLH5Ldzl9P5', 2, '1.2. Task (What categories describe this purchase?)', '2020-09-18 19:49:06.202686+00', '2020-09-18 19:49:06.202686+00', NULL, NULL);
INSERT INTO m2.blocks (id, local_id, bell_id, state, type, is_definition, configs, parent_id, sibling_order, name, created_at, updated_at, started_at, ended_at) VALUES ('atmK1JkkapcGU1cSUggXn', 'OfuLt7QWe8HTV5ArYLjza', 'RN4naxYrg1YQVjweweAsj', 'Created', 'Notification', false, '{"recipients": [], "display_text": "<<TEMPLATED TEXT THAT CAN REFER TO VARIABLES>>", "context_display": true}', '7LIu25bvq4aLH5Ldzl9P5', 6, '1.6. UI Notification (Summarize Purchase Information)', '2020-09-18 19:49:06.275432+00', '2020-09-18 19:49:06.275432+00', NULL, NULL);
INSERT INTO m2.blocks (id, local_id, bell_id, state, type, is_definition, configs, parent_id, sibling_order, name, created_at, updated_at, started_at, ended_at) VALUES ('8jUh8xZdQtVieJtcGo1Ia', 'zFi6jh6a-pkIEXi1_8-md', 'RN4naxYrg1YQVjweweAsj', 'Created', 'Task', false, '{"pre_conditions": {"all": [{"fact": "context", "path": "$.task.ZKinThbIS7TwdHA49RpZp.fields[0].response", "value": "Yes", "operator": "equal"}]}}', '7LIu25bvq4aLH5Ldzl9P5', 5, '1.5. Conditional Task: (What is the depreciation period?)', '2020-09-18 19:49:06.292251+00', '2020-09-18 19:49:06.292251+00', NULL, NULL);
INSERT INTO m2.blocks (id, local_id, bell_id, state, type, is_definition, configs, parent_id, sibling_order, name, created_at, updated_at, started_at, ended_at) VALUES ('ZR5Si46WCiDQwIjOv8wou', '38CVmndMM-H1xXEIkWvrH', 'RN4naxYrg1YQVjweweAsj', 'Created', 'Goal', false, '{}', 'ew5k-GgX9zIz7rQZSK3SJ', 2, '3. Goal (Execute Purchase)', '2020-09-18 19:49:06.328173+00', '2020-09-18 19:49:06.328173+00', NULL, NULL);
INSERT INTO m2.blocks (id, local_id, bell_id, state, type, is_definition, configs, parent_id, sibling_order, name, created_at, updated_at, started_at, ended_at) VALUES ('DmPvevltzwpeMctHGCTcB', '7Q1HhUA6rtEsZQVLIsSCk', 'RN4naxYrg1YQVjweweAsj', 'Created', 'Goal', false, '{"control_type": "Parallel", "pre_conditions": {"all": [{"fact": "context", "path": "$.task.vuJeHylhqX0YbTVtgDsZ7.fields[0].response", "value": 10000, "operator": "greaterThan"}]}}', 'ew5k-GgX9zIz7rQZSK3SJ', 1, '2. Conditional Goal (Get All Approvals)', '2020-09-18 19:49:06.3721+00', '2020-09-18 19:49:06.3721+00', NULL, NULL);
INSERT INTO m2.blocks (id, local_id, bell_id, state, type, is_definition, configs, parent_id, sibling_order, name, created_at, updated_at, started_at, ended_at) VALUES ('ARxAuBhDOSwK8yQcNAKb9', 'qzUHD8X2uc6Qomg2Oh7iM', 'RN4naxYrg1YQVjweweAsj', 'Created', 'BellExecutor', false, '{}', 'DmPvevltzwpeMctHGCTcB', NULL, 'Sub Bell (Finance Approval) (bell_id incomplete)', '2020-09-18 19:49:06.416504+00', '2020-09-18 19:49:06.416504+00', NULL, NULL);
INSERT INTO m2.blocks (id, local_id, bell_id, state, type, is_definition, configs, parent_id, sibling_order, name, created_at, updated_at, started_at, ended_at) VALUES ('ys4dW4WiPhcsgD202bO_l', '8o_yyJjEDKmhsRA1gIlv7', 'RN4naxYrg1YQVjweweAsj', 'Created', 'Task', false, '{}', 'DmPvevltzwpeMctHGCTcB', NULL, '2.1. Task (Head of Facilities Approval)', '2020-09-18 19:49:06.441359+00', '2020-09-18 19:49:06.441359+00', NULL, NULL);
INSERT INTO m2.blocks (id, local_id, bell_id, state, type, is_definition, configs, parent_id, sibling_order, name, created_at, updated_at, started_at, ended_at) VALUES ('ew5k-GgX9zIz7rQZSK3SJ', 'H2_a_Rk3ay03OozK5aeyK', 'RN4naxYrg1YQVjweweAsj', 'Running', 'Goal', false, '{"control_type": "Sequential"}', NULL, NULL, '0. Main Goal (Facilities Spend Request)', '2020-09-18 19:49:05.953371+00', '2020-09-18 19:49:06.469+00', '2020-09-18 19:49:06.476494+00', NULL);
INSERT INTO m2.blocks (id, local_id, bell_id, state, type, is_definition, configs, parent_id, sibling_order, name, created_at, updated_at, started_at, ended_at) VALUES ('7LIu25bvq4aLH5Ldzl9P5', 'rJnhPkEpzbL_KnF6uBBD1', 'RN4naxYrg1YQVjweweAsj', 'Running', 'Goal', false, '{"control_type": "Sequential"}', 'ew5k-GgX9zIz7rQZSK3SJ', 0, '1. Goal (Get Purchasing Information)', '2020-09-18 19:49:06.00184+00', '2020-09-18 19:49:06.55+00', '2020-09-18 19:49:06.562815+00', NULL);
INSERT INTO m2.blocks (id, local_id, bell_id, state, type, is_definition, configs, parent_id, sibling_order, name, created_at, updated_at, started_at, ended_at) VALUES ('MWQUlGIifz9J31MGBDmzP', 'VIwcpLa_dfw0jBLlU6rK0', 'B2d9VH5oNt3wsaOH70PL7', 'Created', 'Goal', false, '{"control_type": "Sequential"}', NULL, NULL, 'Goal (Finance Team Spend Approval)', '2020-09-18 19:49:06.61472+00', '2020-09-18 19:49:06.61472+00', NULL, NULL);
INSERT INTO m2.blocks (id, local_id, bell_id, state, type, is_definition, configs, parent_id, sibling_order, name, created_at, updated_at, started_at, ended_at) VALUES ('Nu3El14UqOPHHdZXJKHii', 'Qa9j-wSS3YZFMPcKiy7rM', 'B2d9VH5oNt3wsaOH70PL7', 'Created', 'Task', false, '{}', 'MWQUlGIifz9J31MGBDmzP', 1, 'Task (Dir. of FP&A Approval)', '2020-09-18 19:49:06.646062+00', '2020-09-18 19:49:06.646062+00', NULL, NULL);
INSERT INTO m2.blocks (id, local_id, bell_id, state, type, is_definition, configs, parent_id, sibling_order, name, created_at, updated_at, started_at, ended_at) VALUES ('zGVKSZZGV4SNoqd1YsHzb', 'NnYT4CUJgPEZexz0Io4JL', 'B2d9VH5oNt3wsaOH70PL7', 'Created', 'Notification', false, '{"recipients": "everyone", "display_text": "<<TEMPLATED TEXT THAT CAN REFER TO VARIABLES>>", "context_display": true}', 'MWQUlGIifz9J31MGBDmzP', 0, 'UI Notification (Summarize Spend Information)', '2020-09-18 19:49:06.673385+00', '2020-09-18 19:49:06.673385+00', NULL, NULL);
INSERT INTO m2.blocks (id, local_id, bell_id, state, type, is_definition, configs, parent_id, sibling_order, name, created_at, updated_at, started_at, ended_at) VALUES ('xkcNaieL63LfgahNYCBIG', 'cO64qn3wioY6O7h_LOi-L', 'RN4naxYrg1YQVjweweAsj', 'Running', 'Task', false, '{}', '7LIu25bvq4aLH5Ldzl9P5', 1, '1.1. Task (What are you purchasing?) ', '2020-09-18 19:49:06.239006+00', '2020-09-18 19:49:07.545+00', '2020-09-18 19:49:07.559527+00', NULL);
INSERT INTO m2.blocks (id, local_id, bell_id, state, type, is_definition, configs, parent_id, sibling_order, name, created_at, updated_at, started_at, ended_at) VALUES ('FVfjhgVwRP_s7eyfhR48A', 'VIwcpLa_dfw0jBLlU6rK0', 'ia147fN2To-mH9FS1MoAG', 'Created', 'Goal', false, '{"control_type": "Sequential"}', NULL, NULL, 'Goal (Finance Team Spend Approval)', '2020-09-18 19:55:02.094243+00', '2020-09-18 19:55:02.094243+00', NULL, NULL);
INSERT INTO m2.blocks (id, local_id, bell_id, state, type, is_definition, configs, parent_id, sibling_order, name, created_at, updated_at, started_at, ended_at) VALUES ('Er7frTBNhS4GW2heKykhA', 'Qa9j-wSS3YZFMPcKiy7rM', 'ia147fN2To-mH9FS1MoAG', 'Created', 'Task', false, '{}', 'FVfjhgVwRP_s7eyfhR48A', 1, 'Task (Dir. of FP&A Approval)', '2020-09-18 19:55:02.121821+00', '2020-09-18 19:55:02.121821+00', NULL, NULL);
INSERT INTO m2.blocks (id, local_id, bell_id, state, type, is_definition, configs, parent_id, sibling_order, name, created_at, updated_at, started_at, ended_at) VALUES ('alazuL6ge3MskReFbveVH', 'NnYT4CUJgPEZexz0Io4JL', 'ia147fN2To-mH9FS1MoAG', 'Created', 'Notification', false, '{"recipients": "everyone", "display_text": "<<TEMPLATED TEXT THAT CAN REFER TO VARIABLES>>", "context_display": true}', 'FVfjhgVwRP_s7eyfhR48A', 0, 'UI Notification (Summarize Spend Information)', '2020-09-18 19:55:02.150361+00', '2020-09-18 19:55:02.150361+00', NULL, NULL);
INSERT INTO m2.blocks (id, local_id, bell_id, state, type, is_definition, configs, parent_id, sibling_order, name, created_at, updated_at, started_at, ended_at) VALUES ('AKgCv2E6NavZv1UKsR3I2', 'qzUHD8X2uc6Qomg2Oh7iM', 'ZO9oteJL_Xoi-97C2rz41', 'Created', 'BellExecutor', false, '{}', 'ko2M_qb02qAeg-JZyW6hE', NULL, 'Sub Bell (Finance Approval) (bell_id incomplete)', '2020-08-14 01:38:25.250216+00', '2020-08-14 01:38:25.250216+00', NULL, NULL);
INSERT INTO m2.blocks (id, local_id, bell_id, state, type, is_definition, configs, parent_id, sibling_order, name, created_at, updated_at, started_at, ended_at) VALUES ('ko2M_qb02qAeg-JZyW6hE', '7Q1HhUA6rtEsZQVLIsSCk', 'ZO9oteJL_Xoi-97C2rz41', 'Created', 'Goal', false, '{"control_type": "Parallel", "pre_conditions": {"all": [{"fact": "context", "path": "$.task.vuJeHylhqX0YbTVtgDsZ7.fields[0].response", "value": 10000, "operator": "greaterThan"}]}}', 'sGnla9TNTZL8GzE0crXrC', 1, '2. Conditional Goal (Get All Approvals)', '2020-08-14 01:38:25.192047+00', '2020-08-14 01:38:25.192047+00', NULL, NULL);
INSERT INTO m2.blocks (id, local_id, bell_id, state, type, is_definition, configs, parent_id, sibling_order, name, created_at, updated_at, started_at, ended_at) VALUES ('2sJve7kAgSlvY60fIfkEk', '8o_yyJjEDKmhsRA1gIlv7', 'ZO9oteJL_Xoi-97C2rz41', 'Created', 'Task', false, '{}', 'ko2M_qb02qAeg-JZyW6hE', NULL, '2.1. Task (Head of Facilities Approval)', '2020-08-14 01:38:25.227558+00', '2020-08-14 01:38:25.227558+00', NULL, NULL);
INSERT INTO m2.blocks (id, local_id, bell_id, state, type, is_definition, configs, parent_id, sibling_order, name, created_at, updated_at, started_at, ended_at) VALUES ('8s9nk08Q4bXTStLMIgFHg', 'rJnhPkEpzbL_KnF6uBBD1', 'KpGIUCH4c6siUjOXx3-T8', 'Running', 'Goal', false, '{"control_type": "Sequential"}', 'hPsVoDyR35qGr5IMjhP_W', 0, '1. Goal (Get Purchasing Information)', '2020-09-18 19:55:01.66114+00', '2020-09-18 19:55:02.811+00', '2020-09-18 19:55:02.817093+00', NULL);
INSERT INTO m2.blocks (id, local_id, bell_id, state, type, is_definition, configs, parent_id, sibling_order, name, created_at, updated_at, started_at, ended_at) VALUES ('qWa2gpE91aDc9hgUJ_sG1', 'NnYT4CUJgPEZexz0Io4JL', 'QVuG4JUxI1LI0tbwZv-sP', 'Success', 'Notification', false, '{"recipients": "everyone", "display_text": "<<TEMPLATED TEXT THAT CAN REFER TO VARIABLES>>", "context_display": true}', '5E5w9VNPVrQbmMxrbkkiV', 0, 'UI Notification (Summarize Spend Information)', '2020-09-18 19:49:06.079009+00', '2020-09-18 19:49:07.541+00', '2020-09-18 19:49:06.584073+00', '2020-09-18 19:49:07.553917+00');
INSERT INTO m2.blocks (id, local_id, bell_id, state, type, is_definition, configs, parent_id, sibling_order, name, created_at, updated_at, started_at, ended_at) VALUES ('KwNa4EJ-GHjb8a_Ak9zlC', 'Qa9j-wSS3YZFMPcKiy7rM', 'QVuG4JUxI1LI0tbwZv-sP', 'Running', 'Task', false, '{}', '5E5w9VNPVrQbmMxrbkkiV', 1, 'Task (Dir. of FP&A Approval)', '2020-09-18 19:49:06.01676+00', '2020-09-18 19:49:08.559+00', '2020-09-18 19:49:08.570469+00', NULL);
INSERT INTO m2.blocks (id, local_id, bell_id, state, type, is_definition, configs, parent_id, sibling_order, name, created_at, updated_at, started_at, ended_at) VALUES ('Oj1KuKhl889dqDKn0PNlU', 'ZKinThbIS7TwdHA49RpZp', 'KpGIUCH4c6siUjOXx3-T8', 'Created', 'Task', false, '{}', '8s9nk08Q4bXTStLMIgFHg', 4, '1.4. Optional Task (Is it capitalizable?)', '2020-09-18 19:55:01.700671+00', '2020-09-18 19:55:01.700671+00', NULL, NULL);
INSERT INTO m2.blocks (id, local_id, bell_id, state, type, is_definition, configs, parent_id, sibling_order, name, created_at, updated_at, started_at, ended_at) VALUES ('gyrnvv6TYA9augwbJECUd', 'vuJeHylhqX0YbTVtgDsZ7', 'KpGIUCH4c6siUjOXx3-T8', 'Created', 'Task', false, '{}', '8s9nk08Q4bXTStLMIgFHg', 3, '1.3. Task (How much do you need to budget?)', '2020-09-18 19:55:01.741318+00', '2020-09-18 19:55:01.741318+00', NULL, NULL);
INSERT INTO m2.blocks (id, local_id, bell_id, state, type, is_definition, configs, parent_id, sibling_order, name, created_at, updated_at, started_at, ended_at) VALUES ('uJgxtf3nsWeW1GTv5Nkkv', 'Qa9j-wSS3YZFMPcKiy7rM', 'OkJQM-s-wCrTjCGbA0GJi', 'Success', 'Task', false, '{}', 'naHj1Ss8X7HgDu5iZUxZI', 1, 'Task (Dir. of FP&A Approval)', '2020-08-14 01:38:25.380111+00', '2020-08-14 01:38:25.380111+00', '2020-08-14 02:52:04.080355+00', '2020-08-14 03:05:14.881421+00');
INSERT INTO m2.blocks (id, local_id, bell_id, state, type, is_definition, configs, parent_id, sibling_order, name, created_at, updated_at, started_at, ended_at) VALUES ('_MaaDLrC8u-PGq0LKG5h4', 'NnYT4CUJgPEZexz0Io4JL', 'OkJQM-s-wCrTjCGbA0GJi', 'Success', 'Notification', false, '{"recipients": "everyone", "display_text": "<<TEMPLATED TEXT THAT CAN REFER TO VARIABLES>>", "context_display": true}', 'naHj1Ss8X7HgDu5iZUxZI', 0, 'UI Notification (Summarize Spend Information)', '2020-08-14 01:38:25.394317+00', '2020-08-14 01:38:25.394317+00', NULL, NULL);
INSERT INTO m2.blocks (id, local_id, bell_id, state, type, is_definition, configs, parent_id, sibling_order, name, created_at, updated_at, started_at, ended_at) VALUES ('naHj1Ss8X7HgDu5iZUxZI', 'VIwcpLa_dfw0jBLlU6rK0', 'OkJQM-s-wCrTjCGbA0GJi', 'Success', 'Goal', false, '{"control_type": "Sequential"}', NULL, NULL, 'Goal (Finance Team Spend Approval)', '2020-08-14 01:38:25.350153+00', '2020-08-14 01:38:25.350153+00', NULL, NULL);
INSERT INTO m2.blocks (id, local_id, bell_id, state, type, is_definition, configs, parent_id, sibling_order, name, created_at, updated_at, started_at, ended_at) VALUES ('gQutYemNqvycVxj38VlTP', 'Fw2rwZaa27CIyilQKNqge', 'KpGIUCH4c6siUjOXx3-T8', 'Created', 'Task', false, '{}', '8s9nk08Q4bXTStLMIgFHg', 2, '1.2. Task (What categories describe this purchase?)', '2020-09-18 19:55:01.770458+00', '2020-09-18 19:55:01.770458+00', NULL, NULL);
INSERT INTO m2.blocks (id, local_id, bell_id, state, type, is_definition, configs, parent_id, sibling_order, name, created_at, updated_at, started_at, ended_at) VALUES ('Hfmq51Z77jXEPcSvn_nQ2', 'OfuLt7QWe8HTV5ArYLjza', 'KpGIUCH4c6siUjOXx3-T8', 'Created', 'Notification', false, '{"recipients": [], "display_text": "<<TEMPLATED TEXT THAT CAN REFER TO VARIABLES>>", "context_display": true}', '8s9nk08Q4bXTStLMIgFHg', 6, '1.6. UI Notification (Summarize Purchase Information)', '2020-09-18 19:55:01.832779+00', '2020-09-18 19:55:01.832779+00', NULL, NULL);
INSERT INTO m2.blocks (id, local_id, bell_id, state, type, is_definition, configs, parent_id, sibling_order, name, created_at, updated_at, started_at, ended_at) VALUES ('BJxI_DPmum8BcrAhh1KTJ', 'zFi6jh6a-pkIEXi1_8-md', 'KpGIUCH4c6siUjOXx3-T8', 'Created', 'Task', false, '{"pre_conditions": {"all": [{"fact": "context", "path": "$.task.ZKinThbIS7TwdHA49RpZp.fields[0].response", "value": "Yes", "operator": "equal"}]}}', '8s9nk08Q4bXTStLMIgFHg', 5, '1.5. Conditional Task: (What is the depreciation period?)', '2020-09-18 19:55:01.843584+00', '2020-09-18 19:55:01.843584+00', NULL, NULL);
INSERT INTO m2.blocks (id, local_id, bell_id, state, type, is_definition, configs, parent_id, sibling_order, name, created_at, updated_at, started_at, ended_at) VALUES ('K7Hh2BmXMO85lOnr_8gmb', '38CVmndMM-H1xXEIkWvrH', 'KpGIUCH4c6siUjOXx3-T8', 'Created', 'Goal', false, '{}', 'hPsVoDyR35qGr5IMjhP_W', 2, '3. Goal (Execute Purchase)', '2020-09-18 19:55:01.874805+00', '2020-09-18 19:55:01.874805+00', NULL, NULL);
INSERT INTO m2.blocks (id, local_id, bell_id, state, type, is_definition, configs, parent_id, sibling_order, name, created_at, updated_at, started_at, ended_at) VALUES ('TY4XcOpXUQLzNVXeN2o8j', '7Q1HhUA6rtEsZQVLIsSCk', 'KpGIUCH4c6siUjOXx3-T8', 'Created', 'Goal', false, '{"control_type": "Parallel", "pre_conditions": {"all": [{"fact": "context", "path": "$.task.vuJeHylhqX0YbTVtgDsZ7.fields[0].response", "value": 10000, "operator": "greaterThan"}]}}', 'hPsVoDyR35qGr5IMjhP_W', 1, '2. Conditional Goal (Get All Approvals)', '2020-09-18 19:55:01.915216+00', '2020-09-18 19:55:01.915216+00', NULL, NULL);
INSERT INTO m2.blocks (id, local_id, bell_id, state, type, is_definition, configs, parent_id, sibling_order, name, created_at, updated_at, started_at, ended_at) VALUES ('UbNPipsVMFRKIVtb_NgKJ', 'qzUHD8X2uc6Qomg2Oh7iM', 'KpGIUCH4c6siUjOXx3-T8', 'Created', 'BellExecutor', false, '{}', 'TY4XcOpXUQLzNVXeN2o8j', NULL, 'Sub Bell (Finance Approval) (bell_id incomplete)', '2020-09-18 19:55:01.953878+00', '2020-09-18 19:55:01.953878+00', NULL, NULL);
INSERT INTO m2.blocks (id, local_id, bell_id, state, type, is_definition, configs, parent_id, sibling_order, name, created_at, updated_at, started_at, ended_at) VALUES ('w44MWQ6FGf2tWwAkxxrno', '8o_yyJjEDKmhsRA1gIlv7', 'KpGIUCH4c6siUjOXx3-T8', 'Created', 'Task', false, '{}', 'TY4XcOpXUQLzNVXeN2o8j', NULL, '2.1. Task (Head of Facilities Approval)', '2020-09-18 19:55:01.974647+00', '2020-09-18 19:55:01.974647+00', NULL, NULL);
INSERT INTO m2.blocks (id, local_id, bell_id, state, type, is_definition, configs, parent_id, sibling_order, name, created_at, updated_at, started_at, ended_at) VALUES ('hPsVoDyR35qGr5IMjhP_W', 'H2_a_Rk3ay03OozK5aeyK', 'KpGIUCH4c6siUjOXx3-T8', 'Running', 'Goal', false, '{"control_type": "Sequential"}', NULL, NULL, '0. Main Goal (Facilities Spend Request)', '2020-09-18 19:55:01.629505+00', '2020-09-18 19:55:02+00', '2020-09-18 19:55:02.011647+00', NULL);
INSERT INTO m2.blocks (id, local_id, bell_id, state, type, is_definition, configs, parent_id, sibling_order, name, created_at, updated_at, started_at, ended_at) VALUES ('_brBXCvZ3YAy-yKa_CDIV', 'cO64qn3wioY6O7h_LOi-L', 'KpGIUCH4c6siUjOXx3-T8', 'Running', 'Task', false, '{}', '8s9nk08Q4bXTStLMIgFHg', 1, '1.1. Task (What are you purchasing?) ', '2020-09-18 19:55:01.801315+00', '2020-09-18 19:55:03.823+00', '2020-09-18 19:55:03.835854+00', NULL);
INSERT INTO m2.bell_executors (id, type, bell_id, context) VALUES ('tuqfR-7bTIsyHXgiq8XSP', 'BellExecutor', 'Mz1t1IwyheFE5oVYwkJPW', '{}');
INSERT INTO m2.bell_executors (id, type, bell_id, context) VALUES ('AKgCv2E6NavZv1UKsR3I2', 'BellExecutor', 'OkJQM-s-wCrTjCGbA0GJi', '{}');
INSERT INTO m2.bell_executors (id, type, bell_id, context) VALUES ('ARxAuBhDOSwK8yQcNAKb9', 'BellExecutor', 'B2d9VH5oNt3wsaOH70PL7', '{}');
INSERT INTO m2.bell_executors (id, type, bell_id, context) VALUES ('UbNPipsVMFRKIVtb_NgKJ', 'BellExecutor', 'ia147fN2To-mH9FS1MoAG', '{}');
INSERT INTO m2.bellhops (id, name, metadata, profile_image_url, created_at, updated_at, description) VALUES ('PG4zNBGpm_MNfVU0tMNwt', 'Engineering & Product', '{}', 'https://samantha-assets.s3.amazonaws.com/images/eng.png', '2020-07-31 21:27:56.344245+00', '2020-07-31 21:27:56.344245+00', 'building cool product!');
INSERT INTO m2.bellhops (id, name, metadata, profile_image_url, created_at, updated_at, description) VALUES ('kK70A5g3BM9mjbHQoYnjL', 'Purchasing Team', '{}', 'https://samantha-assets.s3.amazonaws.com/images/purchasing.png', '2020-07-30 07:22:44.257982+00', '2020-07-30 07:22:44.257982+00', 'We handle the logistics of purchasing!');
INSERT INTO m2.bellhops (id, name, metadata, profile_image_url, created_at, updated_at, description) VALUES ('6U0uG2uaSVCOgFW_6RU0G', 'Facilities', '{}', 'https://samantha-assets.s3.amazonaws.com/images/facilities.png', '2020-07-20 21:32:05.280057+00', '2020-07-20 21:32:05.280057+00', 'We keep our facilities in working order!');
INSERT INTO m2.bellhops (id, name, metadata, profile_image_url, created_at, updated_at, description) VALUES ('1ibkm0rWaBenw4GvR2_HA', 'Marketing', '{}', 'https://samantha-assets.s3.amazonaws.com/images/marketing.png', '2020-07-20 21:32:15.007791+00', '2020-07-20 21:32:15.007791+00', 'We tell our story!');
INSERT INTO m2.bellhops (id, name, metadata, profile_image_url, created_at, updated_at, description) VALUES ('5N7DVIvQIV0dBGx89q9r2', 'Finance', '{}', 'https://samantha-assets.s3.amazonaws.com/images/finance.png', '2020-07-20 21:32:24.717504+00', '2020-07-20 21:32:24.717504+00', 'We make sure that we are responsible with our money!');
INSERT INTO m2.bellhops (id, name, metadata, profile_image_url, created_at, updated_at, description) VALUES ('rSIbpHk-JU4Rca7sF4Z7A', 'Legal', '{}', 'https://samantha-assets.s3.amazonaws.com/images/legal.png', '2020-07-20 21:32:32.292195+00', '2020-07-20 21:32:32.292195+00', 'We keep us from doing anything stupid!');
INSERT INTO m2.participation_roles (id, attribute) VALUES ('task_assignee', NULL);
INSERT INTO m2.participation_roles (id, attribute) VALUES ('bell_initiator', NULL);
INSERT INTO m2.participation_roles (id, attribute) VALUES ('bell_owner', NULL);
INSERT INTO m2.participation_roles (id, attribute) VALUES ('task_requestor', NULL);
INSERT INTO m2.participation_roles (id, attribute) VALUES ('task_follower', NULL);
INSERT INTO m2.participation_roles (id, attribute) VALUES ('bell_follower', NULL);
INSERT INTO m2.participation_roles (id, attribute) VALUES ('goal_assignee', NULL);
INSERT INTO m2.participation_roles (id, attribute) VALUES ('goal_follower', NULL);
INSERT INTO m2.bellhop_bell_participations (bellhop_id, bell_id, role, id) VALUES ('kK70A5g3BM9mjbHQoYnjL', 's4Uq5-3xUX5bljHUIJMLW', 'bell_owner', 2);
INSERT INTO m2.bellhop_bell_participations (bellhop_id, bell_id, role, id) VALUES ('6U0uG2uaSVCOgFW_6RU0G', 's4Uq5-3xUX5bljHUIJMLW', 'bell_initiator', 3);
INSERT INTO m2.bellhop_bell_participations (bellhop_id, bell_id, role, id) VALUES ('5N7DVIvQIV0dBGx89q9r2', 'Mz1t1IwyheFE5oVYwkJPW', 'bell_owner', 4);
INSERT INTO m2.bellhop_bell_participations (bellhop_id, bell_id, role, id) VALUES ('kK70A5g3BM9mjbHQoYnjL', 'Mz1t1IwyheFE5oVYwkJPW', 'bell_initiator', 5);
INSERT INTO m2.bellhop_bell_participations (bellhop_id, bell_id, role, id) VALUES ('PG4zNBGpm_MNfVU0tMNwt', '7OMupCxKZRNaBatCjKRb_', 'bell_owner', 11);
INSERT INTO m2.bellhop_bell_participations (bellhop_id, bell_id, role, id) VALUES ('kK70A5g3BM9mjbHQoYnjL', 'ZO9oteJL_Xoi-97C2rz41', 'bell_owner', 12);
INSERT INTO m2.bellhop_bell_participations (bellhop_id, bell_id, role, id) VALUES ('6U0uG2uaSVCOgFW_6RU0G', 'ZO9oteJL_Xoi-97C2rz41', 'bell_initiator', 13);
INSERT INTO m2.bellhop_bell_participations (bellhop_id, bell_id, role, id) VALUES ('5N7DVIvQIV0dBGx89q9r2', 'OkJQM-s-wCrTjCGbA0GJi', 'bell_owner', 14);
INSERT INTO m2.bellhop_bell_participations (bellhop_id, bell_id, role, id) VALUES ('kK70A5g3BM9mjbHQoYnjL', 'OkJQM-s-wCrTjCGbA0GJi', 'bell_initiator', 15);
INSERT INTO m2.bellhop_bell_participations (bellhop_id, bell_id, role, id) VALUES ('PG4zNBGpm_MNfVU0tMNwt', 'vEEtd2z7ItOYmdSDrcbB_', 'bell_owner', 7439);
INSERT INTO m2.bellhop_bell_participations (bellhop_id, bell_id, role, id) VALUES ('PG4zNBGpm_MNfVU0tMNwt', 'FTzNAuJWthWGfQbWwV_k3', 'bell_owner', 7440);
INSERT INTO m2.bellhop_bell_participations (bellhop_id, bell_id, role, id) VALUES ('PG4zNBGpm_MNfVU0tMNwt', 'IzKT-7zr7IxUoubTbN6FX', 'bell_owner', 7445);
INSERT INTO m2.bellhop_bell_participations (bellhop_id, bell_id, role, id) VALUES ('PG4zNBGpm_MNfVU0tMNwt', 'rlSFbGxJPLOrswnx61hXV', 'bell_owner', 7446);
INSERT INTO m2.bellhop_bell_participations (bellhop_id, bell_id, role, id) VALUES ('PG4zNBGpm_MNfVU0tMNwt', 'gjTYKfOnPtyvASRffx3-M', 'bell_owner', 7447);
INSERT INTO m2.bellhop_bell_participations (bellhop_id, bell_id, role, id) VALUES ('PG4zNBGpm_MNfVU0tMNwt', 'ii9YRnCRlvJiFRLn8JeTX', 'bell_owner', 7448);
INSERT INTO m2.bellhop_bell_participations (bellhop_id, bell_id, role, id) VALUES ('5N7DVIvQIV0dBGx89q9r2', 'QVuG4JUxI1LI0tbwZv-sP', 'bell_owner', 7449);
INSERT INTO m2.bellhop_bell_participations (bellhop_id, bell_id, role, id) VALUES ('kK70A5g3BM9mjbHQoYnjL', 'RN4naxYrg1YQVjweweAsj', 'bell_owner', 7450);
INSERT INTO m2.bellhop_bell_participations (bellhop_id, bell_id, role, id) VALUES ('kK70A5g3BM9mjbHQoYnjL', 'QVuG4JUxI1LI0tbwZv-sP', 'bell_initiator', 7451);
INSERT INTO m2.bellhop_bell_participations (bellhop_id, bell_id, role, id) VALUES ('6U0uG2uaSVCOgFW_6RU0G', 'RN4naxYrg1YQVjweweAsj', 'bell_initiator', 7452);
INSERT INTO m2.bellhop_bell_participations (bellhop_id, bell_id, role, id) VALUES ('5N7DVIvQIV0dBGx89q9r2', 'B2d9VH5oNt3wsaOH70PL7', 'bell_owner', 7453);
INSERT INTO m2.bellhop_bell_participations (bellhop_id, bell_id, role, id) VALUES ('kK70A5g3BM9mjbHQoYnjL', 'B2d9VH5oNt3wsaOH70PL7', 'bell_initiator', 7454);
INSERT INTO m2.bellhop_bell_participations (bellhop_id, bell_id, role, id) VALUES ('kK70A5g3BM9mjbHQoYnjL', 'KpGIUCH4c6siUjOXx3-T8', 'bell_owner', 7455);
INSERT INTO m2.bellhop_bell_participations (bellhop_id, bell_id, role, id) VALUES ('6U0uG2uaSVCOgFW_6RU0G', 'KpGIUCH4c6siUjOXx3-T8', 'bell_initiator', 7456);
INSERT INTO m2.bellhop_bell_participations (bellhop_id, bell_id, role, id) VALUES ('5N7DVIvQIV0dBGx89q9r2', 'ia147fN2To-mH9FS1MoAG', 'bell_owner', 7457);
INSERT INTO m2.bellhop_bell_participations (bellhop_id, bell_id, role, id) VALUES ('kK70A5g3BM9mjbHQoYnjL', 'ia147fN2To-mH9FS1MoAG', 'bell_initiator', 7458);
INSERT INTO m2.membership_roles (id, attribute) VALUES ('admin', NULL);
INSERT INTO m2.membership_roles (id, attribute) VALUES ('approver', NULL);
INSERT INTO m2.membership_roles (id, attribute) VALUES ('member', NULL);
INSERT INTO m2.membership_roles (id, attribute) VALUES ('manager', NULL);
INSERT INTO m2.users (id, name, email, family_name, given_name, picture) VALUES ('Google_113132363560941198349', 'Ben Werther', 'bwerther@bellhop.io', 'Werther', 'Ben', 'https://lh3.googleusercontent.com/a-/AOh14GiBUMCJtUOa3-tU490ZvIEDVrq93riaTc-iWg9P=s96-c');
INSERT INTO m2.users (id, name, email, family_name, given_name, picture) VALUES ('Google_108096699587682538913', 'One Bellman', 'bellman1@bellhop.io', 'Bellman', 'One', 'https://lh4.googleusercontent.com/-y6TTPnnnUF0/AAAAAAAAAAI/AAAAAAAAAAA/AMZuuclr10Y3gHjmWEUJu5fipVniuLM2Ew/s96-c/photo.jpg');
INSERT INTO m2.users (id, name, email, family_name, given_name, picture) VALUES ('nightwatch', 'nightwatch', NULL, NULL, NULL, NULL);
INSERT INTO m2.users (id, name, email, family_name, given_name, picture) VALUES ('Google_111918078641246610063', 'Baiji He', 'bhe@bellhop.io', 'He', 'Baiji', 'https://lh3.googleusercontent.com/a-/AOh14Ghb68OwaaY2L8jaT0shFyIHT4ZaukDMnyPyUCnY=s96-c');
INSERT INTO m2.users (id, name, email, family_name, given_name, picture) VALUES ('Google_109551792009621810100', 'Adam Hiatt', 'ahiatt@bellhop.io', 'Hiatt', 'Adam', 'https://lh6.googleusercontent.com/-c-UyBv5uH2E/AAAAAAAAAAI/AAAAAAAAAAA/AMZuucn0pRn1sP_ehaZlcruXojR5zShqFA/s96-c/photo.jpg');
INSERT INTO m2.users (id, name, email, family_name, given_name, picture) VALUES ('Google_115419186368884878540', 'Tingdong Chen', 'tchen@bellhop.io', 'Chen', 'Tingdong', 'https://lh3.googleusercontent.com/a-/AOh14GiewYead-zagD_r1jSjTcZ4QCoIW9GQoc_Bzb3m=s96-c');
INSERT INTO m2.bellhop_memberships (bellhop_id, user_id, role, joined_at, id) VALUES ('6U0uG2uaSVCOgFW_6RU0G', 'Google_111918078641246610063', 'member', '2020-07-20 21:33:29.122427+00', 1);
INSERT INTO m2.bellhop_memberships (bellhop_id, user_id, role, joined_at, id) VALUES ('1ibkm0rWaBenw4GvR2_HA', 'Google_109551792009621810100', 'approver', '2020-07-20 21:33:50.181203+00', 2);
INSERT INTO m2.bellhop_memberships (bellhop_id, user_id, role, joined_at, id) VALUES ('5N7DVIvQIV0dBGx89q9r2', 'Google_109551792009621810100', 'approver', '2020-07-20 21:33:57.904538+00', 3);
INSERT INTO m2.bellhop_memberships (bellhop_id, user_id, role, joined_at, id) VALUES ('6U0uG2uaSVCOgFW_6RU0G', 'Google_113132363560941198349', 'member', '2020-07-24 03:20:28.987126+00', 9);
INSERT INTO m2.bellhop_memberships (bellhop_id, user_id, role, joined_at, id) VALUES ('5N7DVIvQIV0dBGx89q9r2', 'Google_111918078641246610063', 'manager', '2020-07-24 22:15:41.394778+00', 10);
INSERT INTO m2.bellhop_memberships (bellhop_id, user_id, role, joined_at, id) VALUES ('kK70A5g3BM9mjbHQoYnjL', 'Google_111918078641246610063', 'manager', '2020-07-30 07:23:07.551902+00', 11);
INSERT INTO m2.bellhop_memberships (bellhop_id, user_id, role, joined_at, id) VALUES ('PG4zNBGpm_MNfVU0tMNwt', 'Google_115419186368884878540', 'admin', '2020-08-05 05:45:37.399866+00', 12);
INSERT INTO m2.bellhop_memberships (bellhop_id, user_id, role, joined_at, id) VALUES ('5N7DVIvQIV0dBGx89q9r2', 'Google_115419186368884878540', 'admin', '2020-08-05 05:46:30.679836+00', 13);
INSERT INTO m2.bellhop_memberships (bellhop_id, user_id, role, joined_at, id) VALUES ('6U0uG2uaSVCOgFW_6RU0G', 'Google_115419186368884878540', 'member', '2020-07-22 05:38:08.557555+00', 5);
INSERT INTO m2.bellhop_memberships (bellhop_id, user_id, role, joined_at, id) VALUES ('kK70A5g3BM9mjbHQoYnjL', 'Google_115419186368884878540', 'member', '2020-08-14 06:38:33.95484+00', 15);
INSERT INTO m2.bellhop_memberships (bellhop_id, user_id, role, joined_at, id) VALUES ('PG4zNBGpm_MNfVU0tMNwt', 'Google_108096699587682538913', 'member', '2020-08-14 09:19:53.424823+00', 16);
INSERT INTO m2.goals (id, type, goal_name, success_conditions) VALUES ('11OPQ53T10ju7GYERgBOP', 'Goal', 'Facilities Spend Request', '{}');
INSERT INTO m2.goals (id, type, goal_name, success_conditions) VALUES ('bVeXuHvMlUVpbM2e4zMy9', 'Goal', 'Get Purchase Information', '{}');
INSERT INTO m2.goals (id, type, goal_name, success_conditions) VALUES ('0vNN_nHW0jc87jo-s8XPd', 'Goal', 'Get All Approvals', '{}');
INSERT INTO m2.goals (id, type, goal_name, success_conditions) VALUES ('790hOnMXtRMBWhiZetAIK', 'Goal', 'Execute Purchase', '{}');
INSERT INTO m2.goals (id, type, goal_name, success_conditions) VALUES ('QwnivOlovwLzVHcCN1wZF', 'Goal', 'Finance Team Spend Approval', '{}');
INSERT INTO m2.goals (id, type, goal_name, success_conditions) VALUES ('sGnla9TNTZL8GzE0crXrC', 'Goal', 'Facilities Spend Request', '{}');
INSERT INTO m2.goals (id, type, goal_name, success_conditions) VALUES ('IrI92WHVMdN1xCB9IxPQI', 'Goal', 'Execute Purchase', '{}');
INSERT INTO m2.goals (id, type, goal_name, success_conditions) VALUES ('gYNgpxQV30mqqX_ZkeC_P', 'Goal', 'Get Purchase Information', '{}');
INSERT INTO m2.goals (id, type, goal_name, success_conditions) VALUES ('ko2M_qb02qAeg-JZyW6hE', 'Goal', 'Get All Approvals', '{}');
INSERT INTO m2.goals (id, type, goal_name, success_conditions) VALUES ('naHj1Ss8X7HgDu5iZUxZI', 'Goal', 'Finance Team Spend Approval', '{}');
INSERT INTO m2.goals (id, type, goal_name, success_conditions) VALUES ('ew5k-GgX9zIz7rQZSK3SJ', 'Goal', 'Facilities Spend Request', '{}');
INSERT INTO m2.goals (id, type, goal_name, success_conditions) VALUES ('5E5w9VNPVrQbmMxrbkkiV', 'Goal', 'Finance Team Spend Approval', '{}');
INSERT INTO m2.goals (id, type, goal_name, success_conditions) VALUES ('7LIu25bvq4aLH5Ldzl9P5', 'Goal', 'Get Purchase Information', '{}');
INSERT INTO m2.goals (id, type, goal_name, success_conditions) VALUES ('ZR5Si46WCiDQwIjOv8wou', 'Goal', 'Execute Purchase', '{}');
INSERT INTO m2.goals (id, type, goal_name, success_conditions) VALUES ('DmPvevltzwpeMctHGCTcB', 'Goal', 'Get All Approvals', '{}');
INSERT INTO m2.goals (id, type, goal_name, success_conditions) VALUES ('MWQUlGIifz9J31MGBDmzP', 'Goal', 'Finance Team Spend Approval', '{}');
INSERT INTO m2.goals (id, type, goal_name, success_conditions) VALUES ('hPsVoDyR35qGr5IMjhP_W', 'Goal', 'Facilities Spend Request', '{}');
INSERT INTO m2.goals (id, type, goal_name, success_conditions) VALUES ('8s9nk08Q4bXTStLMIgFHg', 'Goal', 'Get Purchase Information', '{}');
INSERT INTO m2.goals (id, type, goal_name, success_conditions) VALUES ('K7Hh2BmXMO85lOnr_8gmb', 'Goal', 'Execute Purchase', '{}');
INSERT INTO m2.goals (id, type, goal_name, success_conditions) VALUES ('TY4XcOpXUQLzNVXeN2o8j', 'Goal', 'Get All Approvals', '{}');
INSERT INTO m2.goals (id, type, goal_name, success_conditions) VALUES ('FVfjhgVwRP_s7eyfhR48A', 'Goal', 'Finance Team Spend Approval', '{}');
INSERT INTO m2.tasks (id, type, title, fields) VALUES ('QWhbnWC7Esg2UwIVIbbfG', 'Task', NULL, '[{"optional": false, "question": "Do you approve this purchase?", "response_type": "SingleSelect", "select_options": ["Approve", "Reject", "Reject for Edit"]}]');
INSERT INTO m2.tasks (id, type, title, fields) VALUES ('QwpfcdLPH_iQqzbz7nFg-', 'Task', NULL, '[{"optional": true, "question": "Is it capitalizable?", "response": "No", "response_type": "SingleSelect", "select_options": ["Yes", "No"]}]');
INSERT INTO m2.tasks (id, type, title, fields) VALUES ('WWazDMHYOxCXCgTyND2js', 'Task', NULL, '[{"optional": true, "question": "What is the depreciation period", "response": "10+ years", "response_type": "SingleSelect", "select_options": ["<5 years", "5-10 years", "10+ years"]}]');
INSERT INTO m2.tasks (id, type, title, fields) VALUES ('G-M8ECueR0697Gx8buehJ', 'Task', NULL, '[{"optional": false, "question": "How much do you need to budget in dollars?", "response": 1234, "min_value": 0, "response_type": "Decimal"}]');
INSERT INTO m2.tasks (id, type, title, fields) VALUES ('HttfA2gqDC5Uek_WD-rpn', 'Task', NULL, '[{"optional": false, "question": "What are you purchasing?", "response": "A new HVAC machine", "response_type": "Text", "max_field_size": 128, "min_field_size": 4}]');
INSERT INTO m2.tasks (id, type, title, fields) VALUES ('05rDLPiegRuF7-f72D-PK', 'Task', NULL, '[{"optional": false, "question": "What categories describe this purchase?", "response": "Heating/Cooling", "response_type": "MultiSelect", "select_options": ["Heating/Cooling", "services", "other"]}]');
INSERT INTO m2.tasks (id, type, title, fields) VALUES ('2sJve7kAgSlvY60fIfkEk', 'Task', NULL, '[{"optional": false, "question": "Do you approve this purchase?", "response": null, "response_type": "SingleSelect", "select_options": ["Approve", "Reject", "Reject for Edit"]}]');
INSERT INTO m2.tasks (id, type, title, fields) VALUES ('a8-3faq7joeAaLbEp2Dn9', 'Task', NULL, '[{"optional": false, "question": "How much do you need to budget in dollars?", "response": "1231", "min_value": 0, "response_type": "Decimal"}]');
INSERT INTO m2.tasks (id, type, title, fields) VALUES ('Ls_12oQFy5tJh-_0zu46T', 'Task', NULL, '[{"optional": true, "question": "Is it capitalizable?", "response": "Yes", "response_type": "SingleSelect", "select_options": ["Yes", "No"]}]');
INSERT INTO m2.tasks (id, type, title, fields) VALUES ('T6gKggSMxB5jFUMQUq_pe', 'Task', NULL, '[{"optional": false, "question": "What are you purchasing?", "response": "test", "response_type": "Text", "max_field_size": 128, "min_field_size": 4}]');
INSERT INTO m2.tasks (id, type, title, fields) VALUES ('FClaHQb39vKG4bezVpQ8w', 'Task', NULL, '[{"optional": false, "question": "What categories describe this purchase?", "response": ["Heating/Cooling", "services"], "response_type": "MultiSelect", "select_options": ["Heating/Cooling", "services", "other"]}]');
INSERT INTO m2.tasks (id, type, title, fields) VALUES ('yNqfj3sp2TZLkqOxe2LNj', 'Task', NULL, '[{"optional": true, "question": "What is the depreciation period", "response": "5-10 years", "response_type": "SingleSelect", "select_options": ["<5 years", "5-10 years", "10+ years"]}]');
INSERT INTO m2.tasks (id, type, title, fields) VALUES ('uJgxtf3nsWeW1GTv5Nkkv', 'Task', NULL, '[{"optional": false, "question": "Do you approve this purchase?", "response": "Approve", "response_type": "SingleSelect", "select_options": ["Approve", "Reject", "Reject for Edit"]}]');
INSERT INTO m2.tasks (id, type, title, fields) VALUES ('KwNa4EJ-GHjb8a_Ak9zlC', 'Task', NULL, '[{"optional": false, "question": "Do you approve this purchase?", "response": null, "response_type": "SingleSelect", "select_options": ["Approve", "Reject", "Reject for Edit"]}]');
INSERT INTO m2.tasks (id, type, title, fields) VALUES ('7xppwkhtXQgb08UPR0ewj', 'Task', NULL, '[{"optional": true, "question": "Is it capitalizable?", "response": null, "response_type": "SingleSelect", "select_options": ["Yes", "No"]}]');
INSERT INTO m2.tasks (id, type, title, fields) VALUES ('NPu65oh4rsuiH999EZYss', 'Task', NULL, '[{"optional": false, "question": "How much do you need to budget in dollars?", "response": null, "min_value": 0, "response_type": "Decimal"}]');
INSERT INTO m2.tasks (id, type, title, fields) VALUES ('YPYWQhKuS6by5sfX7R2JS', 'Task', NULL, '[{"optional": false, "question": "What categories describe this purchase?", "response": null, "response_type": "MultiSelect", "select_options": ["Heating/Cooling", "services", "other"]}]');
INSERT INTO m2.tasks (id, type, title, fields) VALUES ('xkcNaieL63LfgahNYCBIG', 'Task', NULL, '[{"optional": false, "question": "What are you purchasing?", "response": null, "response_type": "Text", "max_field_size": 128, "min_field_size": 4}]');
INSERT INTO m2.tasks (id, type, title, fields) VALUES ('8jUh8xZdQtVieJtcGo1Ia', 'Task', NULL, '[{"optional": true, "question": "What is the depreciation period", "response": null, "response_type": "SingleSelect", "select_options": ["<5 years", "5-10 years", "10+ years"]}]');
INSERT INTO m2.tasks (id, type, title, fields) VALUES ('ys4dW4WiPhcsgD202bO_l', 'Task', NULL, '[{"optional": false, "question": "Do you approve this purchase?", "response": null, "response_type": "SingleSelect", "select_options": ["Approve", "Reject", "Reject for Edit"]}]');
INSERT INTO m2.tasks (id, type, title, fields) VALUES ('Nu3El14UqOPHHdZXJKHii', 'Task', NULL, '[{"optional": false, "question": "Do you approve this purchase?", "response": null, "response_type": "SingleSelect", "select_options": ["Approve", "Reject", "Reject for Edit"]}]');
INSERT INTO m2.tasks (id, type, title, fields) VALUES ('Oj1KuKhl889dqDKn0PNlU', 'Task', NULL, '[{"optional": true, "question": "Is it capitalizable?", "response": null, "response_type": "SingleSelect", "select_options": ["Yes", "No"]}]');
INSERT INTO m2.tasks (id, type, title, fields) VALUES ('gyrnvv6TYA9augwbJECUd', 'Task', NULL, '[{"optional": false, "question": "How much do you need to budget in dollars?", "response": null, "min_value": 0, "response_type": "Decimal"}]');
INSERT INTO m2.tasks (id, type, title, fields) VALUES ('gQutYemNqvycVxj38VlTP', 'Task', NULL, '[{"optional": false, "question": "What categories describe this purchase?", "response": null, "response_type": "MultiSelect", "select_options": ["Heating/Cooling", "services", "other"]}]');
INSERT INTO m2.tasks (id, type, title, fields) VALUES ('_brBXCvZ3YAy-yKa_CDIV', 'Task', NULL, '[{"optional": false, "question": "What are you purchasing?", "response": null, "response_type": "Text", "max_field_size": 128, "min_field_size": 4}]');
INSERT INTO m2.tasks (id, type, title, fields) VALUES ('BJxI_DPmum8BcrAhh1KTJ', 'Task', NULL, '[{"optional": true, "question": "What is the depreciation period", "response": null, "response_type": "SingleSelect", "select_options": ["<5 years", "5-10 years", "10+ years"]}]');
INSERT INTO m2.tasks (id, type, title, fields) VALUES ('w44MWQ6FGf2tWwAkxxrno', 'Task', NULL, '[{"optional": false, "question": "Do you approve this purchase?", "response": null, "response_type": "SingleSelect", "select_options": ["Approve", "Reject", "Reject for Edit"]}]');
INSERT INTO m2.tasks (id, type, title, fields) VALUES ('Er7frTBNhS4GW2heKykhA', 'Task', NULL, '[{"optional": false, "question": "Do you approve this purchase?", "response": null, "response_type": "SingleSelect", "select_options": ["Approve", "Reject", "Reject for Edit"]}]');
INSERT INTO m2.user_bell_participations (user_id, represented_bellhop_id, bell_id, role, id) VALUES ('Google_115419186368884878540', NULL, 's4Uq5-3xUX5bljHUIJMLW', 'bell_follower', 4);
INSERT INTO m2.user_bell_participations (user_id, represented_bellhop_id, bell_id, role, id) VALUES ('Google_109551792009621810100', NULL, 's4Uq5-3xUX5bljHUIJMLW', 'bell_initiator', 3);
INSERT INTO m2.user_bell_participations (user_id, represented_bellhop_id, bell_id, role, id) VALUES ('Google_109551792009621810100', NULL, 'Mz1t1IwyheFE5oVYwkJPW', 'bell_follower', 8);
INSERT INTO m2.user_bell_participations (user_id, represented_bellhop_id, bell_id, role, id) VALUES ('Google_115419186368884878540', NULL, 'Mz1t1IwyheFE5oVYwkJPW', 'bell_initiator', 5);
INSERT INTO m2.user_bell_participations (user_id, represented_bellhop_id, bell_id, role, id) VALUES ('Google_111918078641246610063', NULL, 'Mz1t1IwyheFE5oVYwkJPW', 'bell_initiator', 9);
INSERT INTO m2.user_bell_participations (user_id, represented_bellhop_id, bell_id, role, id) VALUES ('Google_109551792009621810100', NULL, '7OMupCxKZRNaBatCjKRb_', 'bell_initiator', 19);
INSERT INTO m2.user_bell_participations (user_id, represented_bellhop_id, bell_id, role, id) VALUES ('Google_115419186368884878540', NULL, '7OMupCxKZRNaBatCjKRb_', 'bell_follower', 20);
INSERT INTO m2.user_bell_participations (user_id, represented_bellhop_id, bell_id, role, id) VALUES ('Google_109551792009621810100', NULL, 'OkJQM-s-wCrTjCGbA0GJi', 'bell_follower', 23);
INSERT INTO m2.user_bell_participations (user_id, represented_bellhop_id, bell_id, role, id) VALUES ('Google_115419186368884878540', NULL, 'OkJQM-s-wCrTjCGbA0GJi', 'bell_initiator', 24);
INSERT INTO m2.user_bell_participations (user_id, represented_bellhop_id, bell_id, role, id) VALUES ('Google_111918078641246610063', NULL, 'OkJQM-s-wCrTjCGbA0GJi', 'bell_initiator', 25);
INSERT INTO m2.user_bell_participations (user_id, represented_bellhop_id, bell_id, role, id) VALUES ('Google_108096699587682538913', NULL, 'ZO9oteJL_Xoi-97C2rz41', 'bell_follower', 50);
INSERT INTO m2.user_bell_participations (user_id, represented_bellhop_id, bell_id, role, id) VALUES ('Google_108096699587682538913', NULL, 'OkJQM-s-wCrTjCGbA0GJi', 'bell_follower', 51);
INSERT INTO m2.user_bell_participations (user_id, represented_bellhop_id, bell_id, role, id) VALUES ('Google_109551792009621810100', NULL, 'ZO9oteJL_Xoi-97C2rz41', 'bell_follower', 22);
INSERT INTO m2.user_bell_participations (user_id, represented_bellhop_id, bell_id, role, id) VALUES ('Google_115419186368884878540', NULL, 'ZO9oteJL_Xoi-97C2rz41', 'bell_initiator', 21);
INSERT INTO m2.user_bell_participations (user_id, represented_bellhop_id, bell_id, role, id) VALUES ('Google_115419186368884878540', NULL, 'vEEtd2z7ItOYmdSDrcbB_', 'bell_initiator', 7528);
INSERT INTO m2.user_bell_participations (user_id, represented_bellhop_id, bell_id, role, id) VALUES ('Google_115419186368884878540', NULL, 'FTzNAuJWthWGfQbWwV_k3', 'bell_initiator', 7529);
INSERT INTO m2.user_bell_participations (user_id, represented_bellhop_id, bell_id, role, id) VALUES ('Google_115419186368884878540', NULL, 'IzKT-7zr7IxUoubTbN6FX', 'bell_initiator', 7534);
INSERT INTO m2.user_bell_participations (user_id, represented_bellhop_id, bell_id, role, id) VALUES ('Google_115419186368884878540', NULL, 'rlSFbGxJPLOrswnx61hXV', 'bell_initiator', 7535);
INSERT INTO m2.user_bell_participations (user_id, represented_bellhop_id, bell_id, role, id) VALUES ('Google_115419186368884878540', NULL, 'gjTYKfOnPtyvASRffx3-M', 'bell_initiator', 7536);
INSERT INTO m2.user_bell_participations (user_id, represented_bellhop_id, bell_id, role, id) VALUES ('Google_115419186368884878540', NULL, 'ii9YRnCRlvJiFRLn8JeTX', 'bell_initiator', 7537);
INSERT INTO m2.user_bell_participations (user_id, represented_bellhop_id, bell_id, role, id) VALUES ('Google_108096699587682538913', NULL, 'RN4naxYrg1YQVjweweAsj', 'bell_follower', 7538);
INSERT INTO m2.user_bell_participations (user_id, represented_bellhop_id, bell_id, role, id) VALUES ('Google_109551792009621810100', NULL, 'QVuG4JUxI1LI0tbwZv-sP', 'bell_follower', 7539);
INSERT INTO m2.user_bell_participations (user_id, represented_bellhop_id, bell_id, role, id) VALUES ('Google_109551792009621810100', NULL, 'RN4naxYrg1YQVjweweAsj', 'bell_follower', 7540);
INSERT INTO m2.user_bell_participations (user_id, represented_bellhop_id, bell_id, role, id) VALUES ('Google_115419186368884878540', NULL, 'QVuG4JUxI1LI0tbwZv-sP', 'bell_initiator', 7541);
INSERT INTO m2.user_bell_participations (user_id, represented_bellhop_id, bell_id, role, id) VALUES ('Google_111918078641246610063', NULL, 'QVuG4JUxI1LI0tbwZv-sP', 'bell_initiator', 7542);
INSERT INTO m2.user_bell_participations (user_id, represented_bellhop_id, bell_id, role, id) VALUES ('Google_115419186368884878540', NULL, 'RN4naxYrg1YQVjweweAsj', 'bell_initiator', 7543);
INSERT INTO m2.user_bell_participations (user_id, represented_bellhop_id, bell_id, role, id) VALUES ('Google_108096699587682538913', NULL, 'QVuG4JUxI1LI0tbwZv-sP', 'bell_follower', 7544);
INSERT INTO m2.user_bell_participations (user_id, represented_bellhop_id, bell_id, role, id) VALUES ('Google_109551792009621810100', NULL, 'B2d9VH5oNt3wsaOH70PL7', 'bell_follower', 7545);
INSERT INTO m2.user_bell_participations (user_id, represented_bellhop_id, bell_id, role, id) VALUES ('Google_115419186368884878540', NULL, 'B2d9VH5oNt3wsaOH70PL7', 'bell_initiator', 7546);
INSERT INTO m2.user_bell_participations (user_id, represented_bellhop_id, bell_id, role, id) VALUES ('Google_111918078641246610063', NULL, 'B2d9VH5oNt3wsaOH70PL7', 'bell_initiator', 7547);
INSERT INTO m2.user_bell_participations (user_id, represented_bellhop_id, bell_id, role, id) VALUES ('Google_108096699587682538913', NULL, 'B2d9VH5oNt3wsaOH70PL7', 'bell_follower', 7548);
INSERT INTO m2.user_bell_participations (user_id, represented_bellhop_id, bell_id, role, id) VALUES ('Google_109551792009621810100', NULL, 'rlSFbGxJPLOrswnx61hXV', 'bell_follower', 7549);
INSERT INTO m2.user_bell_participations (user_id, represented_bellhop_id, bell_id, role, id) VALUES ('Google_108096699587682538913', NULL, 'KpGIUCH4c6siUjOXx3-T8', 'bell_follower', 7550);
INSERT INTO m2.user_bell_participations (user_id, represented_bellhop_id, bell_id, role, id) VALUES ('Google_115419186368884878540', NULL, 'KpGIUCH4c6siUjOXx3-T8', 'bell_initiator', 7552);
INSERT INTO m2.user_bell_participations (user_id, represented_bellhop_id, bell_id, role, id) VALUES ('Google_108096699587682538913', NULL, 'ia147fN2To-mH9FS1MoAG', 'bell_follower', 7556);
INSERT INTO m2.user_bell_participations (user_id, represented_bellhop_id, bell_id, role, id) VALUES ('Google_111918078641246610063', NULL, 'ia147fN2To-mH9FS1MoAG', 'bell_follower', 7555);
INSERT INTO m2.user_bell_participations (user_id, represented_bellhop_id, bell_id, role, id) VALUES ('Google_115419186368884878540', NULL, 'ia147fN2To-mH9FS1MoAG', 'bell_follower', 7554);
INSERT INTO m2.user_bell_participations (user_id, represented_bellhop_id, bell_id, role, id) VALUES ('Google_109551792009621810100', NULL, 'KpGIUCH4c6siUjOXx3-T8', 'bell_follower', 7551);
INSERT INTO m2.user_bell_participations (user_id, represented_bellhop_id, bell_id, role, id) VALUES ('Google_109551792009621810100', NULL, 'ia147fN2To-mH9FS1MoAG', 'bell_follower', 7553);
INSERT INTO m2.user_block_participations (user_id, block_id, role, id) VALUES ('Google_115419186368884878540', 'HttfA2gqDC5Uek_WD-rpn', 'task_assignee', 1);
INSERT INTO m2.user_block_participations (user_id, block_id, role, id) VALUES ('Google_109551792009621810100', 'QwpfcdLPH_iQqzbz7nFg-', 'task_follower', 2);
INSERT INTO m2.user_block_participations (user_id, block_id, role, id) VALUES ('Google_109551792009621810100', '790hOnMXtRMBWhiZetAIK', 'task_follower', 3);
INSERT INTO m2.user_block_participations (user_id, block_id, role, id) VALUES ('Google_115419186368884878540', '11OPQ53T10ju7GYERgBOP', 'goal_assignee', 4);
INSERT INTO m2.user_block_participations (user_id, block_id, role, id) VALUES ('Google_115419186368884878540', 'bVeXuHvMlUVpbM2e4zMy9', 'goal_assignee', 5);
INSERT INTO m2.user_block_participations (user_id, block_id, role, id) VALUES ('Google_111918078641246610063', '0vNN_nHW0jc87jo-s8XPd', 'goal_follower', 6);
INSERT INTO m2.user_block_participations (user_id, block_id, role, id) VALUES ('Google_109551792009621810100', '0vNN_nHW0jc87jo-s8XPd', 'task_follower', 7);
INSERT INTO m2.user_block_participations (user_id, block_id, role, id) VALUES ('Google_111918078641246610063', '790hOnMXtRMBWhiZetAIK', 'goal_follower', 8);
INSERT INTO m2.user_block_participations (user_id, block_id, role, id) VALUES ('Google_115419186368884878540', 'QwnivOlovwLzVHcCN1wZF', 'goal_assignee', 9);
INSERT INTO m2.user_block_participations (user_id, block_id, role, id) VALUES ('Google_115419186368884878540', 'sGnla9TNTZL8GzE0crXrC', 'goal_assignee', 21);
INSERT INTO m2.user_block_participations (user_id, block_id, role, id) VALUES ('Google_109551792009621810100', 'IrI92WHVMdN1xCB9IxPQI', 'task_follower', 22);
INSERT INTO m2.user_block_participations (user_id, block_id, role, id) VALUES ('Google_111918078641246610063', 'IrI92WHVMdN1xCB9IxPQI', 'goal_follower', 23);
INSERT INTO m2.user_block_participations (user_id, block_id, role, id) VALUES ('Google_115419186368884878540', 'gYNgpxQV30mqqX_ZkeC_P', 'goal_assignee', 24);
INSERT INTO m2.user_block_participations (user_id, block_id, role, id) VALUES ('Google_109551792009621810100', 'Ls_12oQFy5tJh-_0zu46T', 'task_follower', 25);
INSERT INTO m2.user_block_participations (user_id, block_id, role, id) VALUES ('Google_115419186368884878540', 'T6gKggSMxB5jFUMQUq_pe', 'task_assignee', 26);
INSERT INTO m2.user_block_participations (user_id, block_id, role, id) VALUES ('Google_111918078641246610063', 'ko2M_qb02qAeg-JZyW6hE', 'goal_follower', 27);
INSERT INTO m2.user_block_participations (user_id, block_id, role, id) VALUES ('Google_109551792009621810100', 'ko2M_qb02qAeg-JZyW6hE', 'task_follower', 28);
INSERT INTO m2.user_block_participations (user_id, block_id, role, id) VALUES ('Google_115419186368884878540', 'naHj1Ss8X7HgDu5iZUxZI', 'goal_assignee', 29);
INSERT INTO m2.user_block_participations (user_id, block_id, role, id) VALUES ('Google_115419186368884878540', '0vNN_nHW0jc87jo-s8XPd', 'task_assignee', 96);
INSERT INTO m2.user_block_participations (user_id, block_id, role, id) VALUES ('Google_115419186368884878540', 'FClaHQb39vKG4bezVpQ8w', 'task_assignee', 106);
INSERT INTO m2.user_block_participations (user_id, block_id, role, id) VALUES ('Google_115419186368884878540', 'uJgxtf3nsWeW1GTv5Nkkv', 'task_assignee', 107);
INSERT INTO m2.user_block_participations (user_id, block_id, role, id) VALUES ('Google_115419186368884878540', 'a8-3faq7joeAaLbEp2Dn9', 'task_assignee', 108);
INSERT INTO m2.user_block_participations (user_id, block_id, role, id) VALUES ('Google_115419186368884878540', 'Ls_12oQFy5tJh-_0zu46T', 'task_assignee', 109);
INSERT INTO m2.user_block_participations (user_id, block_id, role, id) VALUES ('Google_115419186368884878540', 'yNqfj3sp2TZLkqOxe2LNj', 'task_assignee', 110);
INSERT INTO m2.user_block_participations (user_id, block_id, role, id) VALUES ('Google_109551792009621810100', '2sJve7kAgSlvY60fIfkEk', 'task_assignee', 111);
INSERT INTO m2.user_block_participations (user_id, block_id, role, id) VALUES ('Google_108096699587682538913', 'gYNgpxQV30mqqX_ZkeC_P', 'goal_follower', 113);
INSERT INTO m2.user_block_participations (user_id, block_id, role, id) VALUES ('Google_115419186368884878540', 'ew5k-GgX9zIz7rQZSK3SJ', 'goal_assignee', 457);
INSERT INTO m2.user_block_participations (user_id, block_id, role, id) VALUES ('Google_115419186368884878540', '5E5w9VNPVrQbmMxrbkkiV', 'goal_assignee', 458);
INSERT INTO m2.user_block_participations (user_id, block_id, role, id) VALUES ('Google_115419186368884878540', '7LIu25bvq4aLH5Ldzl9P5', 'goal_assignee', 459);
INSERT INTO m2.user_block_participations (user_id, block_id, role, id) VALUES ('Google_108096699587682538913', '7LIu25bvq4aLH5Ldzl9P5', 'goal_follower', 460);
INSERT INTO m2.user_block_participations (user_id, block_id, role, id) VALUES ('Google_115419186368884878540', 'KwNa4EJ-GHjb8a_Ak9zlC', 'task_assignee', 461);
INSERT INTO m2.user_block_participations (user_id, block_id, role, id) VALUES ('Google_109551792009621810100', '7xppwkhtXQgb08UPR0ewj', 'task_follower', 462);
INSERT INTO m2.user_block_participations (user_id, block_id, role, id) VALUES ('Google_115419186368884878540', '7xppwkhtXQgb08UPR0ewj', 'task_assignee', 463);
INSERT INTO m2.user_block_participations (user_id, block_id, role, id) VALUES ('Google_115419186368884878540', 'NPu65oh4rsuiH999EZYss', 'task_assignee', 464);
INSERT INTO m2.user_block_participations (user_id, block_id, role, id) VALUES ('Google_115419186368884878540', 'YPYWQhKuS6by5sfX7R2JS', 'task_assignee', 465);
INSERT INTO m2.user_block_participations (user_id, block_id, role, id) VALUES ('Google_115419186368884878540', 'xkcNaieL63LfgahNYCBIG', 'task_assignee', 466);
INSERT INTO m2.user_block_participations (user_id, block_id, role, id) VALUES ('Google_115419186368884878540', '8jUh8xZdQtVieJtcGo1Ia', 'task_assignee', 467);
INSERT INTO m2.user_block_participations (user_id, block_id, role, id) VALUES ('Google_109551792009621810100', 'ZR5Si46WCiDQwIjOv8wou', 'task_follower', 468);
INSERT INTO m2.user_block_participations (user_id, block_id, role, id) VALUES ('Google_111918078641246610063', 'ZR5Si46WCiDQwIjOv8wou', 'goal_follower', 469);
INSERT INTO m2.user_block_participations (user_id, block_id, role, id) VALUES ('Google_111918078641246610063', 'DmPvevltzwpeMctHGCTcB', 'goal_follower', 470);
INSERT INTO m2.user_block_participations (user_id, block_id, role, id) VALUES ('Google_109551792009621810100', 'DmPvevltzwpeMctHGCTcB', 'task_follower', 471);
INSERT INTO m2.user_block_participations (user_id, block_id, role, id) VALUES ('Google_109551792009621810100', 'ys4dW4WiPhcsgD202bO_l', 'task_assignee', 472);
INSERT INTO m2.user_block_participations (user_id, block_id, role, id) VALUES ('Google_115419186368884878540', 'MWQUlGIifz9J31MGBDmzP', 'goal_assignee', 473);
INSERT INTO m2.user_block_participations (user_id, block_id, role, id) VALUES ('Google_115419186368884878540', 'Nu3El14UqOPHHdZXJKHii', 'task_assignee', 474);
INSERT INTO m2.user_block_participations (user_id, block_id, role, id) VALUES ('Google_115419186368884878540', 'hPsVoDyR35qGr5IMjhP_W', 'goal_assignee', 475);
INSERT INTO m2.user_block_participations (user_id, block_id, role, id) VALUES ('Google_115419186368884878540', '8s9nk08Q4bXTStLMIgFHg', 'goal_assignee', 476);
INSERT INTO m2.user_block_participations (user_id, block_id, role, id) VALUES ('Google_108096699587682538913', '8s9nk08Q4bXTStLMIgFHg', 'goal_follower', 477);
INSERT INTO m2.user_block_participations (user_id, block_id, role, id) VALUES ('Google_109551792009621810100', 'Oj1KuKhl889dqDKn0PNlU', 'task_follower', 478);
INSERT INTO m2.user_block_participations (user_id, block_id, role, id) VALUES ('Google_115419186368884878540', 'Oj1KuKhl889dqDKn0PNlU', 'task_assignee', 479);
INSERT INTO m2.user_block_participations (user_id, block_id, role, id) VALUES ('Google_115419186368884878540', 'gyrnvv6TYA9augwbJECUd', 'task_assignee', 480);
INSERT INTO m2.user_block_participations (user_id, block_id, role, id) VALUES ('Google_115419186368884878540', 'gQutYemNqvycVxj38VlTP', 'task_assignee', 481);
INSERT INTO m2.user_block_participations (user_id, block_id, role, id) VALUES ('Google_115419186368884878540', '_brBXCvZ3YAy-yKa_CDIV', 'task_assignee', 482);
INSERT INTO m2.user_block_participations (user_id, block_id, role, id) VALUES ('Google_115419186368884878540', 'BJxI_DPmum8BcrAhh1KTJ', 'task_assignee', 483);
INSERT INTO m2.user_block_participations (user_id, block_id, role, id) VALUES ('Google_109551792009621810100', 'K7Hh2BmXMO85lOnr_8gmb', 'task_follower', 484);
INSERT INTO m2.user_block_participations (user_id, block_id, role, id) VALUES ('Google_111918078641246610063', 'K7Hh2BmXMO85lOnr_8gmb', 'goal_follower', 485);
INSERT INTO m2.user_block_participations (user_id, block_id, role, id) VALUES ('Google_111918078641246610063', 'TY4XcOpXUQLzNVXeN2o8j', 'goal_follower', 486);
INSERT INTO m2.user_block_participations (user_id, block_id, role, id) VALUES ('Google_109551792009621810100', 'TY4XcOpXUQLzNVXeN2o8j', 'task_follower', 487);
INSERT INTO m2.user_block_participations (user_id, block_id, role, id) VALUES ('Google_109551792009621810100', 'w44MWQ6FGf2tWwAkxxrno', 'task_assignee', 488);
INSERT INTO m2.user_block_participations (user_id, block_id, role, id) VALUES ('Google_115419186368884878540', 'FVfjhgVwRP_s7eyfhR48A', 'goal_assignee', 489);
INSERT INTO m2.user_block_participations (user_id, block_id, role, id) VALUES ('Google_115419186368884878540', 'Er7frTBNhS4GW2heKykhA', 'task_assignee', 490);
INSERT INTO m2.user_block_participations (user_id, block_id, role, id) VALUES ('Google_109551792009621810100', 'alazuL6ge3MskReFbveVH', 'task_assignee', 491);
INSERT INTO m2.user_block_participations (user_id, block_id, role, id) VALUES ('Google_109551792009621810100', '8s9nk08Q4bXTStLMIgFHg', 'goal_assignee', 492);
SELECT pg_catalog.setval('m2.bellhop_bell_participations_id_seq', 7480, true);
SELECT pg_catalog.setval('m2.bellhop_memberships_id_seq', 16, true);
SELECT pg_catalog.setval('m2.user_bell_participations_id_seq', 7563, true);
SELECT pg_catalog.setval('m2.user_block_participations_id_seq', 495, true);
